rixo_company,auction_name,stock_location,venue_id,pol,supported_vehicle_type,rixo_price
LOGICO,ARAI BAYSIDE,GLOBAL KAWASAKI,22431,YOKOHAMA,,4800
LOGICO,ARAI BAYSIDE,AQUA LOGISTICS,22431,YOKOHAMA,,11600
LOGICO,ARAI BAYSIDE,GLOBAL NAGOYA,22431,NAGOYA,,23000
LOGICO,ARAI BAYSIDE,KLC,22431,SENBOKU (OSAKA),,32000
LOGICO,ARAI BAYSIDE,KOBE,22431,KOBE,,33200
LOGICO,ARAI BAYSIDE,GLOBAL HAKATA,22431,HAKATA,,48000
KLC,ARAI BAYSIDE,KLC,22431,SENBOKU (OSAKA),,28000
KLC,ARAI BAYSIDE,KOBE,22431,KOBE,,28000
KLC,ARAI BAYSIDE,FUJITRANS KINJO,22431,NAGOYA,,25000
KLC,ARAI BAYSIDE,GLOBAL NAGOYA,22431,NAGOYA,,25000
KLC,ARAI BAYSIDE,GLOBAL KAWASAKI,22431,YOKOHAMA,,5000
KLC,ARAI BAYSIDE,AQUA LOGISTICS,22431,YOKOHAMA,,10000
LOGICO,ARAI BAYSIDE (FUKUOKA YARD),GLOBAL KAWASAKI,22431,YOKOHAMA,,48500
LOGICO,ARAI BAYSIDE (FUKUOKA YARD),AQUA LOGISTICS,22431,YOKOHAMA,,49600
LOGICO,ARAI BAYSIDE (FUKUOKA YARD),GLOBAL NAGOYA,22431,NAGOYA,,37000
LOGICO,ARAI BAYSIDE (FUKUOKA YARD),KLC,22431,SENBOKU (OSAKA),,33000
LOGICO,ARAI BAYSIDE (FUKUOKA YARD),KOBE,22431,KOBE,,33000
LOGICO,ARAI BAYSIDE (FUKUOKA YARD),GLOBAL HAKATA,22431,HAKATA,,6200
LOGICO,ARAI BAYSIDE (HACHIOUJI),GLOBAL KAWASAKI,22431,YOKOHAMA,,13100
LOGICO,ARAI BAYSIDE (HACHIOUJI),AQUA LOGISTICS,22431,YOKOHAMA,,23300
KLC,ARAI BAYSIDE (HACHIOUJI),KLC,22431,SENBOKU (OSAKA),,30000
KLC,ARAI BAYSIDE (HACHIOUJI),KOBE,22431,KOBE,,30000
KLC,ARAI BAYSIDE (HACHIOUJI),FUJITRANS KINJO,22431,NAGOYA,,29000
KLC,ARAI BAYSIDE (HACHIOUJI),GLOBAL NAGOYA,22431,NAGOYA,,29000
KLC,ARAI BAYSIDE (HACHIOUJI),GLOBAL KAWASAKI,22431,YOKOHAMA,,12000
KLC,ARAI BAYSIDE (HACHIOUJI),AQUA LOGISTICS,22431,YOKOHAMA,,19500
LOGICO,ARAI BAYSIDE (NODA),GLOBAL KAWASAKI,22431,YOKOHAMA,,8200
LOGICO,ARAI BAYSIDE (NODA),AQUA LOGISTICS,22431,YOKOHAMA,,10800
LOGICO,ARAI BAYSIDE (NODA),GLOBAL NAGOYA,22431,NAGOYA,,23000
LOGICO,ARAI BAYSIDE (NODA),KLC,22431,SENBOKU (OSAKA),,32000
LOGICO,ARAI BAYSIDE (NODA),KOBE,22431,KOBE,,33200
LOGICO,ARAI BAYSIDE (NODA),GLOBAL HAKATA,22431,HAKATA,,49800
KLC,ARAI BAYSIDE (OKINAWA YARD),KLC,22431,SENBOKU (OSAKA),,48000
KLC,ARAI BAYSIDE (OKINAWA YARD),KOBE,22431,KOBE,,48000
KLC,ARAI BAYSIDE (OKINAWA YARD),FUJITRANS KINJO,22431,NAGOYA,,56000
KLC,ARAI BAYSIDE (OKINAWA YARD),GLOBAL NAGOYA,22431,NAGOYA,,56000
LOGICO,ARAI BAYSIDE (UKISHIMA),GLOBAL KAWASAKI,22431,YOKOHAMA,,4800
LOGICO,ARAI BAYSIDE (UKISHIMA),AQUA LOGISTICS,22431,YOKOHAMA,,11600
LOGICO,ARAI BAYSIDE (UKISHIMA),GLOBAL NAGOYA,22431,NAGOYA,,23000
LOGICO,ARAI BAYSIDE (UKISHIMA),KLC,22431,SENBOKU (OSAKA),,32000
LOGICO,ARAI BAYSIDE (UKISHIMA),KOBE,22431,KOBE,,33200
LOGICO,ARAI BAYSIDE (UKISHIMA),GLOBAL HAKATA,22431,HAKATA,,48000
KLC,ARAI KANSAI,KLC,22431,SENBOKU (OSAKA),,6000
KLC,ARAI KANSAI,KOBE,22431,KOBE,,6000
KLC,ARAI KANSAI,FUJITRANS KINJO,22431,NAGOYA,,11000
KLC,ARAI KANSAI,GLOBAL NAGOYA,22431,NAGOYA,,11000
KLC,ARAI KANSAI,GLOBAL KAWASAKI,22431,YOKOHAMA,,29000
KLC,ARAI KANSAI,AQUA LOGISTICS,22431,YOKOHAMA,,30000
KLC,ARAI KANSAI,GLOBAL HAKATA,22431,HAKATA,,26000
LOGICO,ARAI OYAMA,GLOBAL KAWASAKI,22431,YOKOHAMA,,13200
LOGICO,ARAI OYAMA,AQUA LOGISTICS,22431,YOKOHAMA,,19200
LOGICO,ARAI OYAMA,GLOBAL NAGOYA,22431,NAGOYA,,29000
LOGICO,ARAI OYAMA,KLC,22431,SENBOKU (OSAKA),,34000
LOGICO,ARAI OYAMA,KOBE,22431,KOBE,,35200
LOGICO,ARAI OYAMA,GLOBAL HAKATA,22431,HAKATA,,54600
KLC,ARAI OYAMA,KLC,22431,SENBOKU (OSAKA),,31000
KLC,ARAI OYAMA,KOBE,22431,KOBE,,31000
KLC,ARAI OYAMA,FUJITRANS KINJO,22431,NAGOYA,,35000
KLC,ARAI OYAMA,GLOBAL NAGOYA,22431,NAGOYA,,35000
KLC,ARAI OYAMA,GLOBAL KAWASAKI,22431,YOKOHAMA,,15000
KLC,ARAI OYAMA,AQUA LOGISTICS,22431,YOKOHAMA,,20500
YAMAZAKI,ARAI OYAMA,GLOBAL KAWASAKI,22431,YOKOHAMA,,10000
LOGICO,ARAI OYAMA (TSUKUBA),GLOBAL KAWASAKI,22431,YOKOHAMA,,14400
LOGICO,ARAI OYAMA (TSUKUBA),AQUA LOGISTICS,22431,YOKOHAMA,,22200
LOGICO,ARAI OYAMA (TSUKUBA),GLOBAL NAGOYA,22431,NAGOYA,,31400
LOGICO,ARAI OYAMA (TSUKUBA),KLC,22431,SENBOKU (OSAKA),,35000
LOGICO,ARAI OYAMA (TSUKUBA),KOBE,22431,KOBE,,36200
LOGICO,ARAI OYAMA (TSUKUBA),GLOBAL HAKATA,22431,HAKATA,,54600
KLC,ARAI OYAMA (TSUKUBA),KLC,22431,SENBOKU (OSAKA),,31000
KLC,ARAI OYAMA (TSUKUBA),KOBE,22431,KOBE,,31000
KLC,ARAI OYAMA (TSUKUBA),FUJITRANS KINJO,22431,NAGOYA,,35000
KLC,ARAI OYAMA (TSUKUBA),GLOBAL NAGOYA,22431,NAGOYA,,35000
KLC,ARAI OYAMA (TSUKUBA),GLOBAL KAWASAKI,22431,YOKOHAMA,,15000
KLC,ARAI OYAMA (TSUKUBA),AQUA LOGISTICS,22431,YOKOHAMA,,21000
LOGICO,ARAI OYAMA VAN TRUCK,GLOBAL KAWASAKI,22431,YOKOHAMA,,13200
LOGICO,ARAI OYAMA VAN TRUCK,AQUA LOGISTICS,22431,YOKOHAMA,,19200
LOGICO,ARAI OYAMA VAN TRUCK,GLOBAL NAGOYA,22431,NAGOYA,,29000
LOGICO,ARAI OYAMA VAN TRUCK,KLC,22431,SENBOKU (OSAKA),,34000
LOGICO,ARAI OYAMA VAN TRUCK,KOBE,22431,KOBE,,35200
LOGICO,ARAI OYAMA VAN TRUCK,GLOBAL HAKATA,22431,HAKATA,,54600
LOGICO,ARAI SENDAI,GLOBAL KAWASAKI,22431,YOKOHAMA,,19800
LOGICO,ARAI SENDAI,AQUA LOGISTICS,22431,YOKOHAMA,,26400
LOGICO,ARAI SENDAI,GLOBAL NAGOYA,22431,NAGOYA,,34000
LOGICO,ARAI SENDAI,KLC,22431,SENBOKU (OSAKA),,39000
LOGICO,ARAI SENDAI,KOBE,22431,KOBE,,40800
LOGICO,ARAI SENDAI,GLOBAL HAKATA,22431,HAKATA,,62900
KLC,ARAI SENDAI,KLC,22431,SENBOKU (OSAKA),,33000
KLC,ARAI SENDAI,KOBE,22431,KOBE,,33000
KLC,ARAI SENDAI,FUJITRANS KINJO,22431,NAGOYA,,28000
KLC,ARAI SENDAI,GLOBAL NAGOYA,22431,NAGOYA,,28000
KLC,ARAI SENDAI,GLOBAL KAWASAKI,22431,YOKOHAMA,,21000
KLC,ARAI SENDAI,AQUA LOGISTICS,22431,YOKOHAMA,,23000
LOGICO,ARAI TOMAKOMAI,GLOBAL KAWASAKI,22431,YOKOHAMA,,36400
LOGICO,ARAI TOMAKOMAI,AQUA LOGISTICS,22431,YOKOHAMA,,41800
LOGICO,ARAI TOMAKOMAI,GLOBAL NAGOYA,22431,NAGOYA,,41400
LOGICO,ARAI TOMAKOMAI,KLC,22431,SENBOKU (OSAKA),,44500
LOGICO,ARAI TOMAKOMAI,KOBE,22431,KOBE,,46300
LOGICO,ARAI TOMAKOMAI,GLOBAL HAKATA,22431,HAKATA,,82800
LOGICO,BAYAUC,GLOBAL KAWASAKI,24016,YOKOHAMA,,33000
LOGICO,BAYAUC,AQUA LOGISTICS,24016,YOKOHAMA,,33000
LOGICO,BAYAUC,GLOBAL NAGOYA,24016,NAGOYA,,11600
LOGICO,BAYAUC,KLC,24016,SENBOKU (OSAKA),,5500
LOGICO,BAYAUC,KOBE,24016,KOBE,,6500
LOGICO,BAYAUC,GLOBAL HAKATA,24016,HAKATA,,33000
STYLISH,BAYAUC,GLOBAL NAGOYA,24016,NAGOYA,,13000
STYLISH,BAYAUC,KLC,24016,SENBOKU (OSAKA),,6000
STYLISH,BAYAUC,KOBE,24016,KOBE,,6000
KLC,BAYAUC,KLC,24016,SENBOKU (OSAKA),,6000
KLC,BAYAUC,KOBE,24016,KOBE,,6000
KLC,BAYAUC,FUJITRANS KINJO,24016,NAGOYA,,11000
KLC,BAYAUC,GLOBAL NAGOYA,24016,NAGOYA,,11000
KLC,BAYAUC,GLOBAL KAWASAKI,24016,YOKOHAMA,,29000
KLC,BAYAUC,AQUA LOGISTICS,24016,YOKOHAMA,,30000
KLC,BAYAUC,GLOBAL HAKATA,24016,HAKATA,,26000
LOGICO,CAA CHUBU,GLOBAL KAWASAKI,T008288,YOKOHAMA,,24000
LOGICO,CAA CHUBU,AQUA LOGISTICS,T008288,YOKOHAMA,,32000
LOGICO,CAA CHUBU,GLOBAL NAGOYA,T008288,NAGOYA,,7000
LOGICO,CAA CHUBU,KLC,T008288,SENBOKU (OSAKA),,11600
LOGICO,CAA CHUBU,KOBE,T008288,KOBE,,11600
LOGICO,CAA CHUBU,GLOBAL HAKATA,T008288,HAKATA,,37800
STYLISH,CAA CHUBU,GLOBAL NAGOYA,T008288,NAGOYA,,7000
STYLISH,CAA CHUBU,KLC,T008288,SENBOKU (OSAKA),,13000
STYLISH,CAA CHUBU,KOBE,T008288,KOBE,,13000
KLC,CAA CHUBU,KLC,T008288,SENBOKU (OSAKA),,11000
KLC,CAA CHUBU,KOBE,T008288,KOBE,,11000
KLC,CAA CHUBU,FUJITRANS KINJO,T008288,NAGOYA,,7500
KLC,CAA CHUBU,GLOBAL NAGOYA,T008288,NAGOYA,,7500
KLC,CAA CHUBU,GLOBAL KAWASAKI,T008288,YOKOHAMA,,25000
KLC,CAA CHUBU,AQUA LOGISTICS,T008288,YOKOHAMA,,27000
KLC,CAA CHUBU,GLOBAL HAKATA,T008288,HAKATA,,32000
LOGICO,CAA GIFU,GLOBAL KAWASAKI,T008288,YOKOHAMA,,24000
LOGICO,CAA GIFU,AQUA LOGISTICS,T008288,YOKOHAMA,,34000
LOGICO,CAA GIFU,GLOBAL NAGOYA,T008288,NAGOYA,,8500
LOGICO,CAA GIFU,KLC,T008288,SENBOKU (OSAKA),,12800
LOGICO,CAA GIFU,KOBE,T008288,KOBE,,12800
LOGICO,CAA GIFU,GLOBAL HAKATA,T008288,HAKATA,,40800
STYLISH,CAA GIFU,GLOBAL NAGOYA,T008288,NAGOYA,,8000
STYLISH,CAA GIFU,KLC,T008288,SENBOKU (OSAKA),,13000
STYLISH,CAA GIFU,KOBE,T008288,KOBE,,13000
KLC,CAA GIFU,KLC,T008288,SENBOKU (OSAKA),,11000
KLC,CAA GIFU,KOBE,T008288,KOBE,,11000
KLC,CAA GIFU,FUJITRANS KINJO,T008288,NAGOYA,,7500
KLC,CAA GIFU,GLOBAL NAGOYA,T008288,NAGOYA,,7500
KLC,CAA GIFU,GLOBAL KAWASAKI,T008288,YOKOHAMA,,25000
KLC,CAA GIFU,AQUA LOGISTICS,T008288,YOKOHAMA,,28000
KLC,CAA GIFU,GLOBAL HAKATA,T008288,HAKATA,,32000
LOGICO,CAA TOHOKU,GLOBAL KAWASAKI,T008288,YOKOHAMA,,37000
LOGICO,CAA TOHOKU,AQUA LOGISTICS,T008288,YOKOHAMA,,39800
LOGICO,CAA TOHOKU,GLOBAL NAGOYA,T008288,NAGOYA,,43000
LOGICO,CAA TOHOKU,KLC,T008288,SENBOKU (OSAKA),,49000
LOGICO,CAA TOHOKU,KOBE,T008288,KOBE,,50800
LOGICO,CAA TOHOKU,GLOBAL HAKATA,T008288,HAKATA,,71900
KLC,CAA TOHOKU,KLC,T008288,SENBOKU (OSAKA),,34000
KLC,CAA TOHOKU,KOBE,T008288,KOBE,,34000
KLC,CAA TOHOKU,FUJITRANS KINJO,T008288,NAGOYA,,32000
KLC,CAA TOHOKU,GLOBAL NAGOYA,T008288,NAGOYA,,32000
KLC,CAA TOHOKU,GLOBAL KAWASAKI,T008288,YOKOHAMA,,29000
KLC,CAA TOHOKU,AQUA LOGISTICS,T008288,YOKOHAMA,,33000
LOGICO,CAA TOKYO,GLOBAL KAWASAKI,T008288,YOKOHAMA,,8600
LOGICO,CAA TOKYO,AQUA LOGISTICS,T008288,YOKOHAMA,,10800
LOGICO,CAA TOKYO,GLOBAL NAGOYA,T008288,NAGOYA,,23000
LOGICO,CAA TOKYO,KLC,T008288,SENBOKU (OSAKA),,32000
LOGICO,CAA TOKYO,KOBE,T008288,KOBE,,33200
LOGICO,CAA TOKYO,GLOBAL HAKATA,T008288,HAKATA,,49800
KLC,CAA TOKYO,KLC,T008288,SENBOKU (OSAKA),,29000
KLC,CAA TOKYO,KOBE,T008288,KOBE,,30000
KLC,CAA TOKYO,FUJITRANS KINJO,T008288,NAGOYA,,27000
KLC,CAA TOKYO,GLOBAL NAGOYA,T008288,NAGOYA,,27000
KLC,CAA TOKYO,GLOBAL KAWASAKI,T008288,YOKOHAMA,,9500
KLC,CAA TOKYO,AQUA LOGISTICS,T008288,YOKOHAMA,,12000
YAMAZAKI,CAA TOKYO,GLOBAL KAWASAKI,T008288,YOKOHAMA,,6000
LOGICO,HAA KOBE,GLOBAL KAWASAKI,E0483,YOKOHAMA,,33000
LOGICO,HAA KOBE,AQUA LOGISTICS,E0483,YOKOHAMA,,33000
LOGICO,HAA KOBE,GLOBAL NAGOYA,E0483,NAGOYA,,11600
LOGICO,HAA KOBE,KLC,E0483,SENBOKU (OSAKA),,6500
LOGICO,HAA KOBE,KOBE,E0483,KOBE,,5500
LOGICO,HAA KOBE,GLOBAL HAKATA,E0483,HAKATA,,33000
STYLISH,HAA KOBE,GLOBAL NAGOYA,E0483,NAGOYA,,13000
STYLISH,HAA KOBE,KLC,E0483,SENBOKU (OSAKA),,6500
STYLISH,HAA KOBE,KOBE,E0483,KOBE,,4000
KLC,HAA KOBE,KLC,E0483,SENBOKU (OSAKA),,6000
KLC,HAA KOBE,KOBE,E0483,KOBE,,4500
KLC,HAA KOBE,FUJITRANS KINJO,E0483,NAGOYA,,11000
KLC,HAA KOBE,GLOBAL NAGOYA,E0483,NAGOYA,,11000
KLC,HAA KOBE,GLOBAL KAWASAKI,E0483,YOKOHAMA,,29000
KLC,HAA KOBE,AQUA LOGISTICS,E0483,YOKOHAMA,,30000
KLC,HAA KOBE,GLOBAL HAKATA,E0483,HAKATA,,26000
LOGICO,HAA KOBE (USS SHIKOKU),GLOBAL KAWASAKI,E0483,YOKOHAMA,,47000
LOGICO,HAA KOBE (USS SHIKOKU),AQUA LOGISTICS,E0483,YOKOHAMA,,50600
LOGICO,HAA KOBE (USS SHIKOKU),GLOBAL NAGOYA,E0483,NAGOYA,,31800
LOGICO,HAA KOBE (USS SHIKOKU),KLC,E0483,SENBOKU (OSAKA),,22000
LOGICO,HAA KOBE (USS SHIKOKU),KOBE,E0483,KOBE,,20900
LOGICO,HAA KOBE (USS SHIKOKU),GLOBAL HAKATA,E0483,HAKATA,,44400
STYLISH,HAA KOBE (USS SHIKOKU),GLOBAL NAGOYA,E0483,NAGOYA,,35000
STYLISH,HAA KOBE (USS SHIKOKU),KLC,E0483,SENBOKU (OSAKA),,25000
STYLISH,HAA KOBE (USS SHIKOKU),KOBE,E0483,KOBE,,25000
KLC,HAA KOBE (USS SHIKOKU),KLC,E0483,SENBOKU (OSAKA),,24000
KLC,HAA KOBE (USS SHIKOKU),KOBE,E0483,KOBE,,24000
KLC,HAA KOBE (USS SHIKOKU),FUJITRANS KINJO,E0483,NAGOYA,,29000
KLC,HAA KOBE (USS SHIKOKU),GLOBAL NAGOYA,E0483,NAGOYA,,29000
KLC,HAA KOBE (USS SHIKOKU),GLOBAL KAWASAKI,E0483,YOKOHAMA,,41000
KLC,HAA KOBE (USS SHIKOKU),AQUA LOGISTICS,E0483,YOKOHAMA,,42000
KLC,HAA KOBE (USS SHIKOKU),GLOBAL HAKATA,E0483,HAKATA,,38000
LOGICO,HERO,GLOBAL KAWASAKI,30617,YOKOHAMA,,10800
LOGICO,HERO,AQUA LOGISTICS,30617,YOKOHAMA,,19600
LOGICO,HERO,GLOBAL NAGOYA,30617,NAGOYA,,27000
LOGICO,HERO,KLC,30617,SENBOKU (OSAKA),,34000
LOGICO,HERO,KOBE,30617,KOBE,,35200
LOGICO,HERO,GLOBAL HAKATA,30617,HAKATA,,52200
KLC,HERO,KLC,30617,SENBOKU (OSAKA),,29000
KLC,HERO,KOBE,30617,KOBE,,29000
KLC,HERO,FUJITRANS KINJO,30617,NAGOYA,,29000
KLC,HERO,GLOBAL NAGOYA,30617,NAGOYA,,29000
KLC,HERO,GLOBAL KAWASAKI,30617,YOKOHAMA,,13000
KLC,HERO,AQUA LOGISTICS,30617,YOKOHAMA,,19500
LOGICO,HONDA HOKKAIDO,GLOBAL KAWASAKI,1355400,YOKOHAMA,,36400
LOGICO,HONDA HOKKAIDO,AQUA LOGISTICS,1355400,YOKOHAMA,,41800
LOGICO,HONDA HOKKAIDO,GLOBAL NAGOYA,1355400,NAGOYA,,41400
LOGICO,HONDA HOKKAIDO,KLC,1355400,SENBOKU (OSAKA),,44500
LOGICO,HONDA HOKKAIDO,KOBE,1355400,KOBE,,46300
LOGICO,HONDA HOKKAIDO,GLOBAL HAKATA,1355400,HAKATA,,82800
KLC,HONDA HOKKAIDO,KLC,1355400,SENBOKU (OSAKA),,38000
KLC,HONDA HOKKAIDO,KOBE,1355400,KOBE,,38000
KLC,HONDA HOKKAIDO,FUJITRANS KINJO,1355400,NAGOYA,,29000
KLC,HONDA HOKKAIDO,GLOBAL NAGOYA,1355400,NAGOYA,,29000
KLC,HONDA HOKKAIDO,GLOBAL KAWASAKI,1355400,YOKOHAMA,,30000
KLC,HONDA HOKKAIDO,AQUA LOGISTICS,1355400,YOKOHAMA,,35000
LOGICO,HONDA KANSAI,GLOBAL KAWASAKI,1355400,YOKOHAMA,,33000
LOGICO,HONDA KANSAI,AQUA LOGISTICS,1355400,YOKOHAMA,,33000
LOGICO,HONDA KANSAI,GLOBAL NAGOYA,1355400,NAGOYA,,11600
LOGICO,HONDA KANSAI,KLC,1355400,SENBOKU (OSAKA),,6500
LOGICO,HONDA KANSAI,KOBE,1355400,KOBE,,5500
LOGICO,HONDA KANSAI,GLOBAL HAKATA,1355400,HAKATA,,33000
STYLISH,HONDA KANSAI,GLOBAL NAGOYA,1355400,NAGOYA,,13000
STYLISH,HONDA KANSAI,KLC,1355400,SENBOKU (OSAKA),,6500
STYLISH,HONDA KANSAI,KOBE,1355400,KOBE,,4000
KLC,HONDA KANSAI,KLC,1355400,SENBOKU (OSAKA),,6000
KLC,HONDA KANSAI,KOBE,1355400,KOBE,,4500
KLC,HONDA KANSAI,FUJITRANS KINJO,1355400,NAGOYA,,11000
KLC,HONDA KANSAI,GLOBAL NAGOYA,1355400,NAGOYA,,11000
KLC,HONDA KANSAI,GLOBAL KAWASAKI,1355400,YOKOHAMA,,29000
KLC,HONDA KANSAI,AQUA LOGISTICS,1355400,YOKOHAMA,,30000
KLC,HONDA KANSAI,GLOBAL HAKATA,1355400,HAKATA,,26000
LOGICO,HONDA KYUSHU,GLOBAL KAWASAKI,1355400,YOKOHAMA,,54000
LOGICO,HONDA KYUSHU,AQUA LOGISTICS,1355400,YOKOHAMA,,54500
LOGICO,HONDA KYUSHU,GLOBAL NAGOYA,1355400,NAGOYA,,42000
LOGICO,HONDA KYUSHU,KLC,1355400,SENBOKU (OSAKA),,36600
LOGICO,HONDA KYUSHU,KOBE,1355400,KOBE,,36600
LOGICO,HONDA KYUSHU,GLOBAL HAKATA,1355400,HAKATA,,10900
KLC,HONDA KYUSHU,KLC,1355400,SENBOKU (OSAKA),,28000
KLC,HONDA KYUSHU,KOBE,1355400,KOBE,,28000
KLC,HONDA KYUSHU,FUJITRANS KINJO,1355400,NAGOYA,,36000
KLC,HONDA KYUSHU,GLOBAL NAGOYA,1355400,NAGOYA,,36000
KLC,HONDA KYUSHU,GLOBAL KAWASAKI,1355400,YOKOHAMA,,44000
KLC,HONDA KYUSHU,AQUA LOGISTICS,1355400,YOKOHAMA,,46000
KLC,HONDA KYUSHU,GLOBAL HAKATA,1355400,HAKATA,,9500
Y'S,HONDA KYUSHU,GLOBAL HAKATA,1355400,HAKATA,,6820
Y'S,HONDA KYUSHU (HIGHROOF),GLOBAL HAKATA,1355400,HAKATA,,10120
LOGICO,HONDA NAGOYA,GLOBAL KAWASAKI,1355400,YOKOHAMA,,24000
LOGICO,HONDA NAGOYA,AQUA LOGISTICS,1355400,YOKOHAMA,,31000
LOGICO,HONDA NAGOYA,GLOBAL NAGOYA,1355400,NAGOYA,,6000
LOGICO,HONDA NAGOYA,KLC,1355400,SENBOKU (OSAKA),,11600
LOGICO,HONDA NAGOYA,KOBE,1355400,KOBE,,11600
LOGICO,HONDA NAGOYA,GLOBAL HAKATA,1355400,HAKATA,,36000
STYLISH,HONDA NAGOYA,GLOBAL NAGOYA,1355400,NAGOYA,,6000
STYLISH,HONDA NAGOYA,KLC,1355400,SENBOKU (OSAKA),,13000
STYLISH,HONDA NAGOYA,KOBE,1355400,KOBE,,13000
KLC,HONDA NAGOYA,KLC,1355400,SENBOKU (OSAKA),,11000
KLC,HONDA NAGOYA,KOBE,1355400,KOBE,,11000
KLC,HONDA NAGOYA,FUJITRANS KINJO,1355400,NAGOYA,,5500
KLC,HONDA NAGOYA,GLOBAL NAGOYA,1355400,NAGOYA,,6000
KLC,HONDA NAGOYA,GLOBAL KAWASAKI,1355400,YOKOHAMA,,25000
KLC,HONDA NAGOYA,AQUA LOGISTICS,1355400,YOKOHAMA,,27000
KLC,HONDA NAGOYA,GLOBAL HAKATA,1355400,HAKATA,,32000
LOGICO,HONDA SENDAI,GLOBAL KAWASAKI,1355400,YOKOHAMA,,19800
LOGICO,HONDA SENDAI,AQUA LOGISTICS,1355400,YOKOHAMA,,26400
LOGICO,HONDA SENDAI,GLOBAL NAGOYA,1355400,NAGOYA,,34000
LOGICO,HONDA SENDAI,KLC,1355400,SENBOKU (OSAKA),,39000
LOGICO,HONDA SENDAI,KOBE,1355400,KOBE,,40800
LOGICO,HONDA SENDAI,GLOBAL HAKATA,1355400,HAKATA,,62900
KLC,HONDA SENDAI,KLC,1355400,SENBOKU (OSAKA),,33000
KLC,HONDA SENDAI,KOBE,1355400,KOBE,,33000
KLC,HONDA SENDAI,FUJITRANS KINJO,1355400,NAGOYA,,28000
KLC,HONDA SENDAI,GLOBAL NAGOYA,1355400,NAGOYA,,28000
KLC,HONDA SENDAI,GLOBAL KAWASAKI,1355400,YOKOHAMA,,21000
KLC,HONDA SENDAI,AQUA LOGISTICS,1355400,YOKOHAMA,,23000
LOGICO,HONDA TOKYO,GLOBAL KAWASAKI,1355400,YOKOHAMA,,8600
LOGICO,HONDA TOKYO,AQUA LOGISTICS,1355400,YOKOHAMA,,19600
LOGICO,HONDA TOKYO,GLOBAL NAGOYA,1355400,NAGOYA,,24000
LOGICO,HONDA TOKYO,KLC,1355400,SENBOKU (OSAKA),,33000
LOGICO,HONDA TOKYO,KOBE,1355400,KOBE,,34200
LOGICO,HONDA TOKYO,GLOBAL HAKATA,1355400,HAKATA,,51000
KLC,HONDA TOKYO,KLC,1355400,SENBOKU (OSAKA),,29000
KLC,HONDA TOKYO,KOBE,1355400,KOBE,,29000
KLC,HONDA TOKYO,FUJITRANS KINJO,1355400,NAGOYA,,27000
KLC,HONDA TOKYO,GLOBAL NAGOYA,1355400,NAGOYA,,27000
KLC,HONDA TOKYO,GLOBAL KAWASAKI,1355400,YOKOHAMA,,10500
KLC,HONDA TOKYO,AQUA LOGISTICS,1355400,YOKOHAMA,,17500
YAMAZAKI,HONDA TOKYO,GLOBAL KAWASAKI,1355400,YOKOHAMA,,8000
LOGICO,HONDA TOKYO (GOTEMBA),GLOBAL KAWASAKI,1355400,YOKOHAMA,,23800
LOGICO,HONDA TOKYO (GOTEMBA),AQUA LOGISTICS,1355400,YOKOHAMA,,35200
LOGICO,HONDA TOKYO (GOTEMBA),GLOBAL NAGOYA,1355400,NAGOYA,,20000
LOGICO,HONDA TOKYO (GOTEMBA),KLC,1355400,SENBOKU (OSAKA),,33800
LOGICO,HONDA TOKYO (GOTEMBA),KOBE,1355400,KOBE,,33800
LOGICO,HONDA TOKYO (GOTEMBA),GLOBAL HAKATA,1355400,HAKATA,,54000
KLC,HONDA TOKYO (GOTEMBA),KLC,1355400,SENBOKU (OSAKA),,32000
KLC,HONDA TOKYO (GOTEMBA),KOBE,1355400,KOBE,,32000
KLC,HONDA TOKYO (GOTEMBA),FUJITRANS KINJO,1355400,NAGOYA,,24500
KLC,HONDA TOKYO (GOTEMBA),GLOBAL NAGOYA,1355400,NAGOYA,,24500
KLC,HONDA TOKYO (GOTEMBA),GLOBAL KAWASAKI,1355400,YOKOHAMA,,23000
KLC,HONDA TOKYO (GOTEMBA),AQUA LOGISTICS,1355400,YOKOHAMA,,29000
LOGICO,HONDA TOKYO (NIIGATA),GLOBAL KAWASAKI,1355400,YOKOHAMA,,22200
LOGICO,HONDA TOKYO (NIIGATA),AQUA LOGISTICS,1355400,YOKOHAMA,,32200
LOGICO,HONDA TOKYO (NIIGATA),GLOBAL NAGOYA,1355400,NAGOYA,,36000
LOGICO,HONDA TOKYO (NIIGATA),KLC,1355400,SENBOKU (OSAKA),,51000
LOGICO,HONDA TOKYO (NIIGATA),KOBE,1355400,KOBE,,51000
LOGICO,HONDA TOKYO (NIIGATA),GLOBAL HAKATA,1355400,HAKATA,,68200
KLC,HONDA TOKYO (NIIGATA),KLC,1355400,SENBOKU (OSAKA),,32000
KLC,HONDA TOKYO (NIIGATA),KOBE,1355400,KOBE,,33000
KLC,HONDA TOKYO (NIIGATA),FUJITRANS KINJO,1355400,NAGOYA,,28000
KLC,HONDA TOKYO (NIIGATA),GLOBAL NAGOYA,1355400,NAGOYA,,28000
KLC,HONDA TOKYO (NIIGATA),GLOBAL KAWASAKI,1355400,YOKOHAMA,,20000
KLC,HONDA TOKYO (NIIGATA),AQUA LOGISTICS,1355400,YOKOHAMA,,26000
LOGICO,HONDA TOKYO (OGAWA),GLOBAL KAWASAKI,1355400,YOKOHAMA,,10800
LOGICO,HONDA TOKYO (OGAWA),AQUA LOGISTICS,1355400,YOKOHAMA,,20400
LOGICO,HONDA TOKYO (OGAWA),GLOBAL NAGOYA,1355400,NAGOYA,,24000
LOGICO,HONDA TOKYO (OGAWA),KLC,1355400,SENBOKU (OSAKA),,34000
LOGICO,HONDA TOKYO (OGAWA),KOBE,1355400,KOBE,,35200
LOGICO,HONDA TOKYO (OGAWA),GLOBAL HAKATA,1355400,HAKATA,,52200
KLC,HONDA TOKYO (OGAWA),KLC,1355400,SENBOKU (OSAKA),,31000
KLC,HONDA TOKYO (OGAWA),KOBE,1355400,KOBE,,31000
KLC,HONDA TOKYO (OGAWA),FUJITRANS KINJO,1355400,NAGOYA,,29000
KLC,HONDA TOKYO (OGAWA),GLOBAL NAGOYA,1355400,NAGOYA,,29000
KLC,HONDA TOKYO (OGAWA),GLOBAL KAWASAKI,1355400,YOKOHAMA,,13000
KLC,HONDA TOKYO (OGAWA),AQUA LOGISTICS,1355400,YOKOHAMA,,19500
YAMAZAKI,HONDA TOKYO (SAITAMA),GLOBAL KAWASAKI,1355400,YOKOHAMA,,10000
LOGICO,IAA OSAKA,GLOBAL KAWASAKI,27791,YOKOHAMA,,33000
LOGICO,IAA OSAKA,AQUA LOGISTICS,27791,YOKOHAMA,,33000
LOGICO,IAA OSAKA,GLOBAL NAGOYA,27791,NAGOYA,,11600
LOGICO,IAA OSAKA,KLC,27791,SENBOKU (OSAKA),,5500
LOGICO,IAA OSAKA,KOBE,27791,KOBE,,6500
LOGICO,IAA OSAKA,GLOBAL HAKATA,27791,HAKATA,,33000
STYLISH,IAA OSAKA,GLOBAL NAGOYA,27791,NAGOYA,,13000
STYLISH,IAA OSAKA,KLC,27791,SENBOKU (OSAKA),,4000
STYLISH,IAA OSAKA,KOBE,27791,KOBE,,6500
KLC,IAA OSAKA,KLC,27791,SENBOKU (OSAKA),,4500
KLC,IAA OSAKA,KOBE,27791,KOBE,,6000
KLC,IAA OSAKA,FUJITRANS KINJO,27791,NAGOYA,,11000
KLC,IAA OSAKA,GLOBAL NAGOYA,27791,NAGOYA,,11000
KLC,IAA OSAKA,GLOBAL KAWASAKI,27791,YOKOHAMA,,29000
KLC,IAA OSAKA,AQUA LOGISTICS,27791,YOKOHAMA,,30000
KLC,IAA OSAKA,GLOBAL HAKATA,27791,HAKATA,,26000
KLC,ISUZU KOBE,KLC,A052166,SENBOKU (OSAKA),,6000
KLC,ISUZU KOBE,KOBE,A052166,KOBE,,4500
KLC,ISUZU KOBE,FUJITRANS KINJO,A052166,NAGOYA,,11000
KLC,ISUZU KOBE,GLOBAL NAGOYA,A052166,NAGOYA,,11000
KLC,ISUZU KOBE,GLOBAL KAWASAKI,A052166,YOKOHAMA,,29000
KLC,ISUZU KOBE,AQUA LOGISTICS,A052166,YOKOHAMA,,30000
KLC,ISUZU KOBE,GLOBAL HAKATA,A052166,HAKATA,,26000
Y'S,ISUZU KYUSHU,GLOBAL HAKATA,A052166,HAKATA,,4400
Y'S,ISUZU KYUSHU (HIGHROOF),GLOBAL HAKATA,A052166,HAKATA,,7700
KLC,ISUZU TOKYO,KLC,A052166,SENBOKU (OSAKA),,30000
KLC,ISUZU TOKYO,KOBE,A052166,KOBE,,30000
KLC,ISUZU TOKYO,FUJITRANS KINJO,A052166,NAGOYA,,29000
KLC,ISUZU TOKYO,GLOBAL NAGOYA,A052166,NAGOYA,,29000
KLC,ISUZU TOKYO,GLOBAL KAWASAKI,A052166,YOKOHAMA,,11000
KLC,ISUZU TOKYO,AQUA LOGISTICS,A052166,YOKOHAMA,,14000
LOGICO,JAA,GLOBAL KAWASAKI,E0483,YOKOHAMA,,7800
LOGICO,JAA,AQUA LOGISTICS,E0483,YOKOHAMA,,10100
LOGICO,JAA,GLOBAL NAGOYA,E0483,NAGOYA,,23000
LOGICO,JAA,KLC,E0483,SENBOKU (OSAKA),,32000
LOGICO,JAA,KOBE,E0483,KOBE,,33200
LOGICO,JAA,GLOBAL HAKATA,E0483,HAKATA,,48000
KLC,JAA,KLC,E0483,SENBOKU (OSAKA),,28000
KLC,JAA,KOBE,E0483,KOBE,,28000
KLC,JAA,FUJITRANS KINJO,E0483,NAGOYA,,25000
KLC,JAA,GLOBAL NAGOYA,E0483,NAGOYA,,25000
KLC,JAA,GLOBAL KAWASAKI,E0483,YOKOHAMA,,8000
KLC,JAA,AQUA LOGISTICS,E0483,YOKOHAMA,,11000
LOGICO,JU AICHI,GLOBAL KAWASAKI,95518,YOKOHAMA,,24000
LOGICO,JU AICHI,AQUA LOGISTICS,95518,YOKOHAMA,,31000
LOGICO,JU AICHI,GLOBAL NAGOYA,95518,NAGOYA,,6000
LOGICO,JU AICHI,KLC,95518,SENBOKU (OSAKA),,11600
LOGICO,JU AICHI,KOBE,95518,KOBE,,11600
LOGICO,JU AICHI,GLOBAL HAKATA,95518,HAKATA,,37800
STYLISH,JU AICHI,GLOBAL NAGOYA,95518,NAGOYA,,5000
STYLISH,JU AICHI,KLC,95518,SENBOKU (OSAKA),,13000
STYLISH,JU AICHI,KOBE,95518,KOBE,,13000
KLC,JU AICHI,KLC,95518,SENBOKU (OSAKA),,11000
KLC,JU AICHI,KOBE,95518,KOBE,,11000
KLC,JU AICHI,FUJITRANS KINJO,95518,NAGOYA,,6000
KLC,JU AICHI,GLOBAL NAGOYA,95518,NAGOYA,,5500
KLC,JU AICHI,GLOBAL KAWASAKI,95518,YOKOHAMA,,25000
KLC,JU AICHI,AQUA LOGISTICS,95518,YOKOHAMA,,27000
KLC,JU AICHI,GLOBAL HAKATA,95518,HAKATA,,32000
LOGICO,JU AKITA,GLOBAL KAWASAKI,70506,YOKOHAMA,,40000
LOGICO,JU AKITA,AQUA LOGISTICS,70506,YOKOHAMA,,40800
LOGICO,JU AKITA,GLOBAL NAGOYA,70506,NAGOYA,,47000
LOGICO,JU AKITA,KLC,70506,SENBOKU (OSAKA),,52000
LOGICO,JU AKITA,KOBE,70506,KOBE,,53800
LOGICO,JU AKITA,GLOBAL HAKATA,70506,HAKATA,,75800
KLC,JU AKITA,KLC,70506,SENBOKU (OSAKA),,41000
KLC,JU AKITA,KOBE,70506,KOBE,,41000
KLC,JU AKITA,FUJITRANS KINJO,70506,NAGOYA,,36000
KLC,JU AKITA,GLOBAL NAGOYA,70506,NAGOYA,,36000
KLC,JU AKITA,GLOBAL KAWASAKI,70506,YOKOHAMA,,33000
KLC,JU AKITA,AQUA LOGISTICS,70506,YOKOHAMA,,35000
LOGICO,JU AOMORI,GLOBAL KAWASAKI,200539,YOKOHAMA,,54000
LOGICO,JU AOMORI,AQUA LOGISTICS,200539,YOKOHAMA,,54800
LOGICO,JU AOMORI,GLOBAL NAGOYA,200539,NAGOYA,,55100
LOGICO,JU AOMORI,KLC,200539,SENBOKU (OSAKA),,60000
LOGICO,JU AOMORI,KOBE,200539,KOBE,,61800
LOGICO,JU AOMORI,GLOBAL HAKATA,200539,HAKATA,,84000
KLC,JU AOMORI,KLC,200539,SENBOKU (OSAKA),,44000
KLC,JU AOMORI,KOBE,200539,KOBE,,44000
KLC,JU AOMORI,FUJITRANS KINJO,200539,NAGOYA,,40000
KLC,JU AOMORI,GLOBAL NAGOYA,200539,NAGOYA,,40000
KLC,JU AOMORI,GLOBAL KAWASAKI,200539,YOKOHAMA,,42000
KLC,JU AOMORI,AQUA LOGISTICS,200539,YOKOHAMA,,44000
LOGICO,JU ASAHIKAWA,GLOBAL KAWASAKI,63257,YOKOHAMA,,43600
LOGICO,JU ASAHIKAWA,AQUA LOGISTICS,63257,YOKOHAMA,,50200
LOGICO,JU ASAHIKAWA,GLOBAL NAGOYA,63257,NAGOYA,,49800
LOGICO,JU ASAHIKAWA,KLC,63257,SENBOKU (OSAKA),,52000
LOGICO,JU ASAHIKAWA,KOBE,63257,KOBE,,53800
LOGICO,JU ASAHIKAWA,GLOBAL HAKATA,63257,HAKATA,,78000
KLC,JU ASAHIKAWA,KLC,63257,SENBOKU (OSAKA),,40000
KLC,JU ASAHIKAWA,KOBE,63257,KOBE,,40000
KLC,JU ASAHIKAWA,FUJITRANS KINJO,63257,NAGOYA,,36000
KLC,JU ASAHIKAWA,GLOBAL NAGOYA,63257,NAGOYA,,36000
KLC,JU ASAHIKAWA,GLOBAL KAWASAKI,63257,YOKOHAMA,,41000
KLC,JU ASAHIKAWA,AQUA LOGISTICS,63257,YOKOHAMA,,44000
LOGICO,JU CHIBA,GLOBAL KAWASAKI,59077,YOKOHAMA,,8600
LOGICO,JU CHIBA,AQUA LOGISTICS,59077,YOKOHAMA,,10800
LOGICO,JU CHIBA,GLOBAL NAGOYA,59077,NAGOYA,,24000
LOGICO,JU CHIBA,KLC,59077,SENBOKU (OSAKA),,32000
LOGICO,JU CHIBA,KOBE,59077,KOBE,,33200
LOGICO,JU CHIBA,GLOBAL HAKATA,59077,HAKATA,,49800
KLC,JU CHIBA,KLC,59077,SENBOKU (OSAKA),,28000
KLC,JU CHIBA,KOBE,59077,KOBE,,28000
KLC,JU CHIBA,FUJITRANS KINJO,59077,NAGOYA,,27000
KLC,JU CHIBA,GLOBAL NAGOYA,59077,NAGOYA,,27000
KLC,JU CHIBA,GLOBAL KAWASAKI,59077,YOKOHAMA,,9000
KLC,JU CHIBA,AQUA LOGISTICS,59077,YOKOHAMA,,11000
YAMAZAKI,JU CHIBA,GLOBAL KAWASAKI,59077,YOKOHAMA,,6000
LOGICO,JU CHIBA (SODEGAURA),GLOBAL KAWASAKI,59077,YOKOHAMA,,10900
LOGICO,JU CHIBA (SODEGAURA),AQUA LOGISTICS,59077,YOKOHAMA,,7200
LOGICO,JU CHIBA (SODEGAURA),GLOBAL NAGOYA,59077,NAGOYA,,30000
LOGICO,JU CHIBA (SODEGAURA),KLC,59077,SENBOKU (OSAKA),,34000
LOGICO,JU CHIBA (SODEGAURA),KOBE,59077,KOBE,,35200
LOGICO,JU CHIBA (SODEGAURA),GLOBAL HAKATA,59077,HAKATA,,52800
LOGICO,JU FUKUI,GLOBAL KAWASAKI,126589,YOKOHAMA,,44400
LOGICO,JU FUKUI,AQUA LOGISTICS,126589,YOKOHAMA,,47800
LOGICO,JU FUKUI,GLOBAL NAGOYA,126589,NAGOYA,,22000
LOGICO,JU FUKUI,KLC,126589,SENBOKU (OSAKA),,27800
LOGICO,JU FUKUI,KOBE,126589,KOBE,,27800
LOGICO,JU FUKUI,GLOBAL HAKATA,126589,HAKATA,,54500
KLC,JU FUKUI,KLC,126589,SENBOKU (OSAKA),,19000
KLC,JU FUKUI,KOBE,126589,KOBE,,19000
KLC,JU FUKUI,FUJITRANS KINJO,126589,NAGOYA,,16000
KLC,JU FUKUI,GLOBAL NAGOYA,126589,NAGOYA,,16000
KLC,JU FUKUI,GLOBAL KAWASAKI,126589,YOKOHAMA,,38000
KLC,JU FUKUI,AQUA LOGISTICS,126589,YOKOHAMA,,45000
KLC,JU FUKUI,GLOBAL HAKATA,126589,HAKATA,,42000
LOGICO,JU FUKUOKA,GLOBAL KAWASAKI,37488,YOKOHAMA,,48500
LOGICO,JU FUKUOKA,AQUA LOGISTICS,37488,YOKOHAMA,,49600
LOGICO,JU FUKUOKA,GLOBAL NAGOYA,37488,NAGOYA,,37000
LOGICO,JU FUKUOKA,KLC,37488,SENBOKU (OSAKA),,33000
LOGICO,JU FUKUOKA,KOBE,37488,KOBE,,33000
LOGICO,JU FUKUOKA,GLOBAL HAKATA,37488,HAKATA,,6200
KLC,JU FUKUOKA,KLC,37488,SENBOKU (OSAKA),,25000
KLC,JU FUKUOKA,KOBE,37488,KOBE,,25000
KLC,JU FUKUOKA,FUJITRANS KINJO,37488,NAGOYA,,33000
KLC,JU FUKUOKA,GLOBAL NAGOYA,37488,NAGOYA,,33000
KLC,JU FUKUOKA,GLOBAL KAWASAKI,37488,YOKOHAMA,,42000
KLC,JU FUKUOKA,AQUA LOGISTICS,37488,YOKOHAMA,,44000
KLC,JU FUKUOKA,GLOBAL HAKATA,37488,HAKATA,,7000
Y'S,JU FUKUOKA,GLOBAL HAKATA,37488,HAKATA,,3900
Y'S,JU FUKUOKA (HIGHROOF),GLOBAL HAKATA,37488,HAKATA,,7200
LOGICO,JU FUKUSHIMA,GLOBAL KAWASAKI,88472,YOKOHAMA,,18000
LOGICO,JU FUKUSHIMA,AQUA LOGISTICS,88472,YOKOHAMA,,25200
LOGICO,JU FUKUSHIMA,GLOBAL NAGOYA,88472,NAGOYA,,39200
LOGICO,JU FUKUSHIMA,KLC,88472,SENBOKU (OSAKA),,40800
LOGICO,JU FUKUSHIMA,KOBE,88472,KOBE,,42600
LOGICO,JU FUKUSHIMA,GLOBAL HAKATA,88472,HAKATA,,68200
KLC,JU FUKUSHIMA,KLC,88472,SENBOKU (OSAKA),,38000
KLC,JU FUKUSHIMA,KOBE,88472,KOBE,,38000
KLC,JU FUKUSHIMA,FUJITRANS KINJO,88472,NAGOYA,,31000
KLC,JU FUKUSHIMA,GLOBAL NAGOYA,88472,NAGOYA,,31000
KLC,JU FUKUSHIMA,GLOBAL KAWASAKI,88472,YOKOHAMA,,20000
KLC,JU FUKUSHIMA,AQUA LOGISTICS,88472,YOKOHAMA,,22000
LOGICO,JU GIFU,GLOBAL KAWASAKI,50354,YOKOHAMA,,24000
LOGICO,JU GIFU,AQUA LOGISTICS,50354,YOKOHAMA,,34000
LOGICO,JU GIFU,GLOBAL NAGOYA,50354,NAGOYA,,8500
LOGICO,JU GIFU,KLC,50354,SENBOKU (OSAKA),,12800
LOGICO,JU GIFU,KOBE,50354,KOBE,,12800
LOGICO,JU GIFU,GLOBAL HAKATA,50354,HAKATA,,40800
STYLISH,JU GIFU,GLOBAL NAGOYA,50354,NAGOYA,,8000
STYLISH,JU GIFU,KLC,50354,SENBOKU (OSAKA),,13000
STYLISH,JU GIFU,KOBE,50354,KOBE,,13000
KLC,JU GIFU,KLC,50354,SENBOKU (OSAKA),,11000
KLC,JU GIFU,KOBE,50354,KOBE,,11000
KLC,JU GIFU,FUJITRANS KINJO,50354,NAGOYA,,7500
KLC,JU GIFU,GLOBAL NAGOYA,50354,NAGOYA,,7500
KLC,JU GIFU,GLOBAL KAWASAKI,50354,YOKOHAMA,,25000
KLC,JU GIFU,AQUA LOGISTICS,50354,YOKOHAMA,,28000
KLC,JU GIFU,GLOBAL HAKATA,50354,HAKATA,,32000
LOGICO,JU GUNMA,GLOBAL KAWASAKI,700485,YOKOHAMA,,12000
LOGICO,JU GUNMA,AQUA LOGISTICS,700485,YOKOHAMA,,21600
LOGICO,JU GUNMA,GLOBAL NAGOYA,700485,NAGOYA,,29000
LOGICO,JU GUNMA,KLC,700485,SENBOKU (OSAKA),,34000
LOGICO,JU GUNMA,KOBE,700485,KOBE,,35200
LOGICO,JU GUNMA,GLOBAL HAKATA,700485,HAKATA,,53400
KLC,JU GUNMA,KLC,700485,SENBOKU (OSAKA),,31000
KLC,JU GUNMA,KOBE,700485,KOBE,,31000
KLC,JU GUNMA,FUJITRANS KINJO,700485,NAGOYA,,31000
KLC,JU GUNMA,GLOBAL NAGOYA,700485,NAGOYA,,31000
KLC,JU GUNMA,GLOBAL KAWASAKI,700485,YOKOHAMA,,15000
KLC,JU GUNMA,AQUA LOGISTICS,700485,YOKOHAMA,,22000
LOGICO,JU HAKODATE,GLOBAL KAWASAKI,63257,YOKOHAMA,,50800
LOGICO,JU HAKODATE,AQUA LOGISTICS,63257,YOKOHAMA,,57400
LOGICO,JU HAKODATE,GLOBAL NAGOYA,63257,NAGOYA,,57000
LOGICO,JU HAKODATE,KLC,63257,SENBOKU (OSAKA),,58000
LOGICO,JU HAKODATE,KOBE,63257,KOBE,,59800
LOGICO,JU HAKODATE,GLOBAL HAKATA,63257,HAKATA,,90000
KLC,JU HAKODATE,KLC,63257,SENBOKU (OSAKA),,43000
KLC,JU HAKODATE,KOBE,63257,KOBE,,43000
KLC,JU HAKODATE,FUJITRANS KINJO,63257,NAGOYA,,35000
KLC,JU HAKODATE,GLOBAL NAGOYA,63257,NAGOYA,,35000
KLC,JU HAKODATE,GLOBAL KAWASAKI,63257,YOKOHAMA,,35000
KLC,JU HAKODATE,AQUA LOGISTICS,63257,YOKOHAMA,,40000
LOGICO,JU HIROSHIMA,GLOBAL KAWASAKI,77510,YOKOHAMA,,48600
LOGICO,JU HIROSHIMA,AQUA LOGISTICS,77510,YOKOHAMA,,49600
LOGICO,JU HIROSHIMA,GLOBAL NAGOYA,77510,NAGOYA,,34800
LOGICO,JU HIROSHIMA,KLC,77510,SENBOKU (OSAKA),,23000
LOGICO,JU HIROSHIMA,KOBE,77510,KOBE,,20400
LOGICO,JU HIROSHIMA,GLOBAL HAKATA,77510,HAKATA,,30600
KLC,JU HIROSHIMA,KLC,77510,SENBOKU (OSAKA),,20000
KLC,JU HIROSHIMA,KOBE,77510,KOBE,,21000
KLC,JU HIROSHIMA,FUJITRANS KINJO,77510,NAGOYA,,29500
KLC,JU HIROSHIMA,GLOBAL NAGOYA,77510,NAGOYA,,29500
KLC,JU HIROSHIMA,GLOBAL KAWASAKI,77510,YOKOHAMA,,43000
KLC,JU HIROSHIMA,AQUA LOGISTICS,77510,YOKOHAMA,,44000
KLC,JU HIROSHIMA,GLOBAL HAKATA,77510,HAKATA,,20000
Y'S,JU HIROSHIMA,GLOBAL HAKATA,77510,HAKATA,,14300
Y'S,JU HIROSHIMA (HIGHROOF),GLOBAL HAKATA,77510,HAKATA,,21450
LOGICO,JU IBARAKI,GLOBAL KAWASAKI,80548,YOKOHAMA,,14400
LOGICO,JU IBARAKI,AQUA LOGISTICS,80548,YOKOHAMA,,22200
LOGICO,JU IBARAKI,GLOBAL NAGOYA,80548,NAGOYA,,31400
LOGICO,JU IBARAKI,KLC,80548,SENBOKU (OSAKA),,35000
LOGICO,JU IBARAKI,KOBE,80548,KOBE,,36200
LOGICO,JU IBARAKI,GLOBAL HAKATA,80548,HAKATA,,54600
KLC,JU IBARAKI,KLC,80548,SENBOKU (OSAKA),,31000
KLC,JU IBARAKI,KOBE,80548,KOBE,,31000
KLC,JU IBARAKI,FUJITRANS KINJO,80548,NAGOYA,,35000
KLC,JU IBARAKI,GLOBAL NAGOYA,80548,NAGOYA,,35000
KLC,JU IBARAKI,GLOBAL KAWASAKI,80548,YOKOHAMA,,15000
KLC,JU IBARAKI,AQUA LOGISTICS,80548,YOKOHAMA,,22000
LOGICO,JU ISHIKAWA,GLOBAL KAWASAKI,70496,YOKOHAMA,,38400
LOGICO,JU ISHIKAWA,AQUA LOGISTICS,70496,YOKOHAMA,,42200
LOGICO,JU ISHIKAWA,GLOBAL NAGOYA,70496,NAGOYA,,16600
LOGICO,JU ISHIKAWA,KLC,70496,SENBOKU (OSAKA),,24600
LOGICO,JU ISHIKAWA,KOBE,70496,KOBE,,24600
LOGICO,JU ISHIKAWA,GLOBAL HAKATA,70496,HAKATA,,48700
KLC,JU ISHIKAWA,KLC,70496,SENBOKU (OSAKA),,19000
KLC,JU ISHIKAWA,KOBE,70496,KOBE,,19000
KLC,JU ISHIKAWA,FUJITRANS KINJO,70496,NAGOYA,,16000
KLC,JU ISHIKAWA,GLOBAL NAGOYA,70496,NAGOYA,,16000
KLC,JU ISHIKAWA,GLOBAL KAWASAKI,70496,YOKOHAMA,,33000
KLC,JU ISHIKAWA,AQUA LOGISTICS,70496,YOKOHAMA,,36000
KLC,JU ISHIKAWA,GLOBAL HAKATA,70496,HAKATA,,42000
HIDA,JU ISHIKAWA,GLOBAL NAGOYA,70496,NAGOYA,,15000
LOGICO,JU IWATE,GLOBAL KAWASAKI,-,YOKOHAMA,,37000
LOGICO,JU IWATE,AQUA LOGISTICS,-,YOKOHAMA,,39800
LOGICO,JU IWATE,GLOBAL NAGOYA,-,NAGOYA,,43000
LOGICO,JU IWATE,KLC,-,SENBOKU (OSAKA),,49000
LOGICO,JU IWATE,KOBE,-,KOBE,,50800
LOGICO,JU IWATE,GLOBAL HAKATA,-,HAKATA,,71900
LOGICO,JU KAGOSHIMA,GLOBAL KAWASAKI,37488,YOKOHAMA,,63500
LOGICO,JU KAGOSHIMA,AQUA LOGISTICS,37488,YOKOHAMA,,66800
LOGICO,JU KAGOSHIMA,GLOBAL NAGOYA,37488,NAGOYA,,54000
LOGICO,JU KAGOSHIMA,KLC,37488,SENBOKU (OSAKA),,44000
LOGICO,JU KAGOSHIMA,KOBE,37488,KOBE,,44000
LOGICO,JU KAGOSHIMA,GLOBAL HAKATA,37488,HAKATA,,22800
KLC,JU KAGOSHIMA,KLC,37488,SENBOKU (OSAKA),,34000
KLC,JU KAGOSHIMA,KOBE,37488,KOBE,,33000
KLC,JU KAGOSHIMA,FUJITRANS KINJO,37488,NAGOYA,,42000
KLC,JU KAGOSHIMA,GLOBAL NAGOYA,37488,NAGOYA,,42000
KLC,JU KAGOSHIMA,GLOBAL KAWASAKI,37488,YOKOHAMA,,61000
KLC,JU KAGOSHIMA,AQUA LOGISTICS,37488,YOKOHAMA,,63000
KLC,JU KAGOSHIMA,GLOBAL HAKATA,37488,HAKATA,,23000
Y'S,JU KAGOSHIMA,GLOBAL HAKATA,37488,HAKATA,,16500
Y'S,JU KAGOSHIMA (HIGHROOF),GLOBAL HAKATA,37488,HAKATA,,24750
LOGICO,JU KANAGAWA,GLOBAL KAWASAKI,90471,YOKOHAMA,,11400
LOGICO,JU KANAGAWA,AQUA LOGISTICS,90471,YOKOHAMA,,25700
LOGICO,JU KANAGAWA,GLOBAL NAGOYA,90471,NAGOYA,,30000
LOGICO,JU KANAGAWA,KLC,90471,SENBOKU (OSAKA),,36000
LOGICO,JU KANAGAWA,KOBE,90471,KOBE,,37200
LOGICO,JU KANAGAWA,GLOBAL HAKATA,90471,HAKATA,,54000
KLC,JU KANAGAWA,KLC,90471,SENBOKU (OSAKA),,34000
KLC,JU KANAGAWA,KOBE,90471,KOBE,,34000
KLC,JU KANAGAWA,FUJITRANS KINJO,90471,NAGOYA,,33000
KLC,JU KANAGAWA,GLOBAL NAGOYA,90471,NAGOYA,,33000
KLC,JU KANAGAWA,GLOBAL KAWASAKI,90471,YOKOHAMA,,15000
KLC,JU KANAGAWA,AQUA LOGISTICS,90471,YOKOHAMA,,22000
LOGICO,JU KITAMI,GLOBAL KAWASAKI,63257,YOKOHAMA,,56800
LOGICO,JU KITAMI,AQUA LOGISTICS,63257,YOKOHAMA,,63400
LOGICO,JU KITAMI,GLOBAL NAGOYA,63257,NAGOYA,,63000
LOGICO,JU KITAMI,KLC,63257,SENBOKU (OSAKA),,64000
LOGICO,JU KITAMI,KOBE,63257,KOBE,,65800
LOGICO,JU KITAMI,GLOBAL HAKATA,63257,HAKATA,,91200
KLC,JU KITAMI,KLC,63257,SENBOKU (OSAKA),,46000
KLC,JU KITAMI,KOBE,63257,KOBE,,46000
KLC,JU KITAMI,FUJITRANS KINJO,63257,NAGOYA,,41000
KLC,JU KITAMI,GLOBAL NAGOYA,63257,NAGOYA,,41000
KLC,JU KITAMI,GLOBAL KAWASAKI,63257,YOKOHAMA,,46000
KLC,JU KITAMI,AQUA LOGISTICS,63257,YOKOHAMA,,50000
LOGICO,JU KUMAMOTO,GLOBAL KAWASAKI,70513,YOKOHAMA,,58000
LOGICO,JU KUMAMOTO,AQUA LOGISTICS,70513,YOKOHAMA,,61800
LOGICO,JU KUMAMOTO,GLOBAL NAGOYA,70513,NAGOYA,,45000
LOGICO,JU KUMAMOTO,KLC,70513,SENBOKU (OSAKA),,43500
LOGICO,JU KUMAMOTO,KOBE,70513,KOBE,,43500
LOGICO,JU KUMAMOTO,GLOBAL HAKATA,70513,HAKATA,,14400
KLC,JU KUMAMOTO,KLC,70513,SENBOKU (OSAKA),,37000
KLC,JU KUMAMOTO,KOBE,70513,KOBE,,37000
KLC,JU KUMAMOTO,FUJITRANS KINJO,70513,NAGOYA,,45000
KLC,JU KUMAMOTO,GLOBAL NAGOYA,70513,NAGOYA,,45000
KLC,JU KUMAMOTO,GLOBAL KAWASAKI,70513,YOKOHAMA,,53000
KLC,JU KUMAMOTO,AQUA LOGISTICS,70513,YOKOHAMA,,55000
KLC,JU KUMAMOTO,GLOBAL HAKATA,70513,HAKATA,,18000
Y'S,JU KUMAMOTO,GLOBAL HAKATA,70513,HAKATA,,12100
Y'S,JU KUMAMOTO (HIGHROOF),GLOBAL HAKATA,70513,HAKATA,,18150
LOGICO,JU KUSHIRO,GLOBAL KAWASAKI,63257,YOKOHAMA,,53200
LOGICO,JU KUSHIRO,AQUA LOGISTICS,63257,YOKOHAMA,,59800
LOGICO,JU KUSHIRO,GLOBAL NAGOYA,63257,NAGOYA,,59400
LOGICO,JU KUSHIRO,KLC,63257,SENBOKU (OSAKA),,61000
LOGICO,JU KUSHIRO,KOBE,63257,KOBE,,62800
LOGICO,JU KUSHIRO,GLOBAL HAKATA,63257,HAKATA,,87600
KLC,JU KUSHIRO,KLC,63257,SENBOKU (OSAKA),,45000
KLC,JU KUSHIRO,KOBE,63257,KOBE,,45000
KLC,JU KUSHIRO,FUJITRANS KINJO,63257,NAGOYA,,40000
KLC,JU KUSHIRO,GLOBAL NAGOYA,63257,NAGOYA,,40000
KLC,JU KUSHIRO,GLOBAL KAWASAKI,63257,YOKOHAMA,,46000
KLC,JU KUSHIRO,AQUA LOGISTICS,63257,YOKOHAMA,,50000
LOGICO,JU MIE,GLOBAL KAWASAKI,316009,YOKOHAMA,,34000
LOGICO,JU MIE,AQUA LOGISTICS,316009,YOKOHAMA,,46000
LOGICO,JU MIE,GLOBAL NAGOYA,316009,NAGOYA,,14000
LOGICO,JU MIE,KLC,316009,SENBOKU (OSAKA),,23300
LOGICO,JU MIE,KOBE,316009,KOBE,,23300
LOGICO,JU MIE,GLOBAL HAKATA,316009,HAKATA,,42600
STYLISH,JU MIE,GLOBAL NAGOYA,316009,NAGOYA,,12000
STYLISH,JU MIE,KLC,316009,SENBOKU (OSAKA),,15000
STYLISH,JU MIE,KOBE,316009,KOBE,,15000
KLC,JU MIE,KLC,316009,SENBOKU (OSAKA),,11500
KLC,JU MIE,KOBE,316009,KOBE,,11500
KLC,JU MIE,FUJITRANS KINJO,316009,NAGOYA,,10500
KLC,JU MIE,GLOBAL NAGOYA,316009,NAGOYA,,10500
KLC,JU MIE,GLOBAL KAWASAKI,316009,YOKOHAMA,,26000
KLC,JU MIE,AQUA LOGISTICS,316009,YOKOHAMA,,30000
KLC,JU MIE,GLOBAL HAKATA,316009,HAKATA,,32000
LOGICO,JU MIYAGI,GLOBAL KAWASAKI,70506,YOKOHAMA,,19800
LOGICO,JU MIYAGI,AQUA LOGISTICS,70506,YOKOHAMA,,26400
LOGICO,JU MIYAGI,GLOBAL NAGOYA,70506,NAGOYA,,34000
LOGICO,JU MIYAGI,KLC,70506,SENBOKU (OSAKA),,39000
LOGICO,JU MIYAGI,KOBE,70506,KOBE,,40800
LOGICO,JU MIYAGI,GLOBAL HAKATA,70506,HAKATA,,62900
KLC,JU MIYAGI,KLC,70506,SENBOKU (OSAKA),,33000
KLC,JU MIYAGI,KOBE,70506,KOBE,,33000
KLC,JU MIYAGI,FUJITRANS KINJO,70506,NAGOYA,,28000
KLC,JU MIYAGI,GLOBAL NAGOYA,70506,NAGOYA,,28000
KLC,JU MIYAGI,GLOBAL KAWASAKI,70506,YOKOHAMA,,21000
KLC,JU MIYAGI,AQUA LOGISTICS,70506,YOKOHAMA,,23000
LOGICO,JU MIYAZAKI,GLOBAL KAWASAKI,70519,YOKOHAMA,,62000
LOGICO,JU MIYAZAKI,AQUA LOGISTICS,70519,YOKOHAMA,,63400
LOGICO,JU MIYAZAKI,GLOBAL NAGOYA,70519,NAGOYA,,50000
LOGICO,JU MIYAZAKI,KLC,70519,SENBOKU (OSAKA),,45000
LOGICO,JU MIYAZAKI,KOBE,70519,KOBE,,45000
LOGICO,JU MIYAZAKI,GLOBAL HAKATA,70519,HAKATA,,20400
KLC,JU MIYAZAKI,KLC,70519,SENBOKU (OSAKA),,30000
KLC,JU MIYAZAKI,KOBE,70519,KOBE,,29000
KLC,JU MIYAZAKI,FUJITRANS KINJO,70519,NAGOYA,,37500
KLC,JU MIYAZAKI,GLOBAL NAGOYA,70519,NAGOYA,,37500
KLC,JU MIYAZAKI,GLOBAL KAWASAKI,70519,YOKOHAMA,,57000
KLC,JU MIYAZAKI,AQUA LOGISTICS,70519,YOKOHAMA,,59000
KLC,JU MIYAZAKI,GLOBAL HAKATA,70519,HAKATA,,23000
LOGICO,JU MURORAN,GLOBAL KAWASAKI,63257,YOKOHAMA,,36400
LOGICO,JU MURORAN,AQUA LOGISTICS,63257,YOKOHAMA,,41800
LOGICO,JU MURORAN,GLOBAL NAGOYA,63257,NAGOYA,,41400
LOGICO,JU MURORAN,KLC,63257,SENBOKU (OSAKA),,45000
LOGICO,JU MURORAN,KOBE,63257,KOBE,,46800
LOGICO,JU MURORAN,GLOBAL HAKATA,63257,HAKATA,,70800
KLC,JU MURORAN,KLC,63257,SENBOKU (OSAKA),,35000
KLC,JU MURORAN,KOBE,63257,KOBE,,35000
KLC,JU MURORAN,FUJITRANS KINJO,63257,NAGOYA,,30000
KLC,JU MURORAN,GLOBAL NAGOYA,63257,NAGOYA,,30000
KLC,JU MURORAN,GLOBAL KAWASAKI,63257,YOKOHAMA,,41000
KLC,JU MURORAN,AQUA LOGISTICS,63257,YOKOHAMA,,44000
LOGICO,JU NAGANO,GLOBAL KAWASAKI,80536,YOKOHAMA,,26400
LOGICO,JU NAGANO,AQUA LOGISTICS,80536,YOKOHAMA,,30600
LOGICO,JU NAGANO,GLOBAL NAGOYA,80536,NAGOYA,,24000
LOGICO,JU NAGANO,KLC,80536,SENBOKU (OSAKA),,35200
LOGICO,JU NAGANO,KOBE,80536,KOBE,,35200
LOGICO,JU NAGANO,GLOBAL HAKATA,80536,HAKATA,,52300
KLC,JU NAGANO,KLC,80536,SENBOKU (OSAKA),,30000
KLC,JU NAGANO,KOBE,80536,KOBE,,30000
KLC,JU NAGANO,FUJITRANS KINJO,80536,NAGOYA,,26000
KLC,JU NAGANO,GLOBAL NAGOYA,80536,NAGOYA,,26000
KLC,JU NAGANO,GLOBAL KAWASAKI,80536,YOKOHAMA,,27000
KLC,JU NAGANO,AQUA LOGISTICS,80536,YOKOHAMA,,29000
LOGICO,JU NAGASAKI,GLOBAL KAWASAKI,A052166,YOKOHAMA,,62000
LOGICO,JU NAGASAKI,AQUA LOGISTICS,A052166,YOKOHAMA,,65400
LOGICO,JU NAGASAKI,GLOBAL NAGOYA,A052166,NAGOYA,,49000
LOGICO,JU NAGASAKI,KLC,A052166,SENBOKU (OSAKA),,47000
LOGICO,JU NAGASAKI,KOBE,A052166,KOBE,,47000
LOGICO,JU NAGASAKI,GLOBAL HAKATA,A052166,HAKATA,,14400
KLC,JU NAGASAKI,KLC,A052166,SENBOKU (OSAKA),,37000
KLC,JU NAGASAKI,KOBE,A052166,KOBE,,37000
KLC,JU NAGASAKI,FUJITRANS KINJO,A052166,NAGOYA,,44500
KLC,JU NAGASAKI,GLOBAL NAGOYA,A052166,NAGOYA,,44500
KLC,JU NAGASAKI,GLOBAL KAWASAKI,A052166,YOKOHAMA,,55000
KLC,JU NAGASAKI,AQUA LOGISTICS,A052166,YOKOHAMA,,56000
KLC,JU NAGASAKI,GLOBAL HAKATA,A052166,HAKATA,,22000
LOGICO,JU NARA,GLOBAL KAWASAKI,130528,YOKOHAMA,,36000
LOGICO,JU NARA,AQUA LOGISTICS,130528,YOKOHAMA,,35000
LOGICO,JU NARA,GLOBAL NAGOYA,130528,NAGOYA,,14000
LOGICO,JU NARA,KLC,130528,SENBOKU (OSAKA),,9500
LOGICO,JU NARA,KOBE,130528,KOBE,,9500
LOGICO,JU NARA,GLOBAL HAKATA,130528,HAKATA,,38400
STYLISH,JU NARA,GLOBAL NAGOYA,130528,NAGOYA,,13000
STYLISH,JU NARA,KLC,130528,SENBOKU (OSAKA),,8000
STYLISH,JU NARA,KOBE,130528,KOBE,,8000
KLC,JU NARA,KLC,130528,SENBOKU (OSAKA),,9500
KLC,JU NARA,KOBE,130528,KOBE,,9500
KLC,JU NARA,FUJITRANS KINJO,130528,NAGOYA,,11000
KLC,JU NARA,GLOBAL NAGOYA,130528,NAGOYA,,11000
KLC,JU NARA,GLOBAL KAWASAKI,130528,YOKOHAMA,,31000
KLC,JU NARA,AQUA LOGISTICS,130528,YOKOHAMA,,33000
KLC,JU NARA,GLOBAL HAKATA,130528,HAKATA,,31000
LOGICO,JU NIIGATA,GLOBAL KAWASAKI,45548,YOKOHAMA,,22200
LOGICO,JU NIIGATA,AQUA LOGISTICS,45548,YOKOHAMA,,32200
LOGICO,JU NIIGATA,GLOBAL NAGOYA,45548,NAGOYA,,36000
LOGICO,JU NIIGATA,KLC,45548,SENBOKU (OSAKA),,51000
LOGICO,JU NIIGATA,KOBE,45548,KOBE,,51000
LOGICO,JU NIIGATA,GLOBAL HAKATA,45548,HAKATA,,68200
KLC,JU NIIGATA,KLC,45548,SENBOKU (OSAKA),,32000
KLC,JU NIIGATA,KOBE,45548,KOBE,,33000
KLC,JU NIIGATA,FUJITRANS KINJO,45548,NAGOYA,,28000
KLC,JU NIIGATA,GLOBAL NAGOYA,45548,NAGOYA,,28000
KLC,JU NIIGATA,GLOBAL KAWASAKI,45548,YOKOHAMA,,20000
KLC,JU NIIGATA,AQUA LOGISTICS,45548,YOKOHAMA,,26000
LOGICO,JU OBIHIRO,GLOBAL KAWASAKI,63257,YOKOHAMA,,46000
LOGICO,JU OBIHIRO,AQUA LOGISTICS,63257,YOKOHAMA,,52600
LOGICO,JU OBIHIRO,GLOBAL NAGOYA,63257,NAGOYA,,52200
LOGICO,JU OBIHIRO,KLC,63257,SENBOKU (OSAKA),,54000
LOGICO,JU OBIHIRO,KOBE,63257,KOBE,,55800
LOGICO,JU OBIHIRO,GLOBAL HAKATA,63257,HAKATA,,80400
KLC,JU OBIHIRO,KLC,63257,SENBOKU (OSAKA),,42000
KLC,JU OBIHIRO,KOBE,63257,KOBE,,42000
KLC,JU OBIHIRO,FUJITRANS KINJO,63257,NAGOYA,,37000
KLC,JU OBIHIRO,GLOBAL NAGOYA,63257,NAGOYA,,37000
KLC,JU OBIHIRO,GLOBAL KAWASAKI,63257,YOKOHAMA,,39000
KLC,JU OBIHIRO,AQUA LOGISTICS,63257,YOKOHAMA,,44000
LOGICO,JU OITA,GLOBAL KAWASAKI,45522,YOKOHAMA,,61800
LOGICO,JU OITA,AQUA LOGISTICS,45522,YOKOHAMA,,63800
LOGICO,JU OITA,GLOBAL NAGOYA,45522,NAGOYA,,48200
LOGICO,JU OITA,KLC,45522,SENBOKU (OSAKA),,46900
LOGICO,JU OITA,KOBE,45522,KOBE,,46900
LOGICO,JU OITA,GLOBAL HAKATA,45522,HAKATA,,14800
KLC,JU OITA,KLC,45522,SENBOKU (OSAKA),,33000
KLC,JU OITA,KOBE,45522,KOBE,,33000
KLC,JU OITA,FUJITRANS KINJO,45522,NAGOYA,,42000
KLC,JU OITA,GLOBAL NAGOYA,45522,NAGOYA,,42000
KLC,JU OITA,GLOBAL KAWASAKI,45522,YOKOHAMA,,49000
KLC,JU OITA,AQUA LOGISTICS,45522,YOKOHAMA,,50000
KLC,JU OITA,GLOBAL HAKATA,45522,HAKATA,,18000
LOGICO,JU OKINAWA,GLOBAL KAWASAKI,53143,YOKOHAMA,,62000
LOGICO,JU OKINAWA,AQUA LOGISTICS,53143,YOKOHAMA,,64600
LOGICO,JU OKINAWA,GLOBAL NAGOYA,53143,NAGOYA,,66000
LOGICO,JU OKINAWA,KLC,53143,SENBOKU (OSAKA),,54000
LOGICO,JU OKINAWA,KOBE,53143,KOBE,,55500
LOGICO,JU OKINAWA,GLOBAL HAKATA,53143,HAKATA,,52400
KLC,JU OKINAWA,KLC,53143,SENBOKU (OSAKA),,51000
KLC,JU OKINAWA,KOBE,53143,KOBE,,51000
LOGICO,JU SAITAMA,GLOBAL KAWASAKI,16845,YOKOHAMA,,9000
LOGICO,JU SAITAMA,AQUA LOGISTICS,16845,YOKOHAMA,,13200
LOGICO,JU SAITAMA,GLOBAL NAGOYA,16845,NAGOYA,,24000
LOGICO,JU SAITAMA,KLC,16845,SENBOKU (OSAKA),,33000
LOGICO,JU SAITAMA,KOBE,16845,KOBE,,34200
LOGICO,JU SAITAMA,GLOBAL HAKATA,16845,HAKATA,,51000
KLC,JU SAITAMA,KLC,16845,SENBOKU (OSAKA),,30000
KLC,JU SAITAMA,KOBE,16845,KOBE,,30000
KLC,JU SAITAMA,FUJITRANS KINJO,16845,NAGOYA,,28000
KLC,JU SAITAMA,GLOBAL NAGOYA,16845,NAGOYA,,28000
KLC,JU SAITAMA,GLOBAL KAWASAKI,16845,YOKOHAMA,,10000
KLC,JU SAITAMA,AQUA LOGISTICS,16845,YOKOHAMA,,17000
YAMAZAKI,JU SAITAMA,GLOBAL KAWASAKI,16845,YOKOHAMA,,7000
LOGICO,JU SAPPORO,GLOBAL KAWASAKI,63257,YOKOHAMA,,37400
LOGICO,JU SAPPORO,AQUA LOGISTICS,63257,YOKOHAMA,,44200
LOGICO,JU SAPPORO,GLOBAL NAGOYA,63257,NAGOYA,,43800
LOGICO,JU SAPPORO,KLC,63257,SENBOKU (OSAKA),,47000
LOGICO,JU SAPPORO,KOBE,63257,KOBE,,48800
LOGICO,JU SAPPORO,GLOBAL HAKATA,63257,HAKATA,,73200
KLC,JU SAPPORO,KLC,63257,SENBOKU (OSAKA),,38000
KLC,JU SAPPORO,KOBE,63257,KOBE,,38000
KLC,JU SAPPORO,FUJITRANS KINJO,63257,NAGOYA,,29000
KLC,JU SAPPORO,GLOBAL NAGOYA,63257,NAGOYA,,29000
KLC,JU SAPPORO,GLOBAL KAWASAKI,63257,YOKOHAMA,,30000
KLC,JU SAPPORO,AQUA LOGISTICS,63257,YOKOHAMA,,35000
LOGICO,JU SHIMANE,GLOBAL KAWASAKI,A052166,YOKOHAMA,,68000
LOGICO,JU SHIMANE,AQUA LOGISTICS,A052166,YOKOHAMA,,65100
LOGICO,JU SHIMANE,GLOBAL NAGOYA,A052166,NAGOYA,,52000
LOGICO,JU SHIMANE,KLC,A052166,SENBOKU (OSAKA),,37000
LOGICO,JU SHIMANE,KOBE,A052166,KOBE,,37000
LOGICO,JU SHIMANE,GLOBAL HAKATA,A052166,HAKATA,,52000
KLC,JU SHIMANE,KLC,A052166,SENBOKU (OSAKA),,27000
KLC,JU SHIMANE,KOBE,A052166,KOBE,,27000
KLC,JU SHIMANE,FUJITRANS KINJO,A052166,NAGOYA,,37000
KLC,JU SHIMANE,GLOBAL NAGOYA,A052166,NAGOYA,,37000
KLC,JU SHIMANE,GLOBAL KAWASAKI,A052166,YOKOHAMA,,51000
KLC,JU SHIMANE,AQUA LOGISTICS,A052166,YOKOHAMA,,52000
LOGICO,JU SHIZUOKA,GLOBAL KAWASAKI,900513,YOKOHAMA,,21800
LOGICO,JU SHIZUOKA,AQUA LOGISTICS,900513,YOKOHAMA,,31100
LOGICO,JU SHIZUOKA,GLOBAL NAGOYA,900513,NAGOYA,,15000
LOGICO,JU SHIZUOKA,KLC,900513,SENBOKU (OSAKA),,26600
LOGICO,JU SHIZUOKA,KOBE,900513,KOBE,,26600
LOGICO,JU SHIZUOKA,GLOBAL HAKATA,900513,HAKATA,,46800
STYLISH,JU SHIZUOKA,GLOBAL NAGOYA,900513,NAGOYA,,16000
KLC,JU SHIZUOKA,KLC,900513,SENBOKU (OSAKA),,25000
KLC,JU SHIZUOKA,KOBE,900513,KOBE,,25000
KLC,JU SHIZUOKA,FUJITRANS KINJO,900513,NAGOYA,,16000
KLC,JU SHIZUOKA,GLOBAL NAGOYA,900513,NAGOYA,,16000
KLC,JU SHIZUOKA,GLOBAL KAWASAKI,900513,YOKOHAMA,,23000
KLC,JU SHIZUOKA,AQUA LOGISTICS,900513,YOKOHAMA,,26000
KLC,JU SHIZUOKA,GLOBAL HAKATA,900513,HAKATA,,44000
LOGICO,JU TOCHIGI,GLOBAL KAWASAKI,80521,YOKOHAMA,,13200
LOGICO,JU TOCHIGI,AQUA LOGISTICS,80521,YOKOHAMA,,22200
LOGICO,JU TOCHIGI,GLOBAL NAGOYA,80521,NAGOYA,,30000
LOGICO,JU TOCHIGI,KLC,80521,SENBOKU (OSAKA),,35000
LOGICO,JU TOCHIGI,KOBE,80521,KOBE,,36200
LOGICO,JU TOCHIGI,GLOBAL HAKATA,80521,HAKATA,,54600
KLC,JU TOCHIGI,KLC,80521,SENBOKU (OSAKA),,33000
KLC,JU TOCHIGI,KOBE,80521,KOBE,,32500
KLC,JU TOCHIGI,FUJITRANS KINJO,80521,NAGOYA,,35000
KLC,JU TOCHIGI,GLOBAL NAGOYA,80521,NAGOYA,,35000
KLC,JU TOCHIGI,GLOBAL KAWASAKI,80521,YOKOHAMA,,18000
KLC,JU TOCHIGI,AQUA LOGISTICS,80521,YOKOHAMA,,26000
LOGICO,JU TOKYO,GLOBAL KAWASAKI,20558,YOKOHAMA,,9000
LOGICO,JU TOKYO,AQUA LOGISTICS,20558,YOKOHAMA,,13200
LOGICO,JU TOKYO,GLOBAL NAGOYA,20558,NAGOYA,,24000
LOGICO,JU TOKYO,KLC,20558,SENBOKU (OSAKA),,33000
LOGICO,JU TOKYO,KOBE,20558,KOBE,,34200
LOGICO,JU TOKYO,GLOBAL HAKATA,20558,HAKATA,,51000
KLC,JU TOKYO,KLC,20558,SENBOKU (OSAKA),,29000
KLC,JU TOKYO,KOBE,20558,KOBE,,29000
KLC,JU TOKYO,FUJITRANS KINJO,20558,NAGOYA,,28000
KLC,JU TOKYO,GLOBAL NAGOYA,20558,NAGOYA,,28000
KLC,JU TOKYO,GLOBAL KAWASAKI,20558,YOKOHAMA,,9000
KLC,JU TOKYO,AQUA LOGISTICS,20558,YOKOHAMA,,16000
YAMAZAKI,JU TOKYO,GLOBAL KAWASAKI,20558,YOKOHAMA,,6000
LOGICO,JU TOYAMA,GLOBAL KAWASAKI,600525,YOKOHAMA,,36000
LOGICO,JU TOYAMA,AQUA LOGISTICS,600525,YOKOHAMA,,44000
LOGICO,JU TOYAMA,GLOBAL NAGOYA,600525,NAGOYA,,18100
LOGICO,JU TOYAMA,KLC,600525,SENBOKU (OSAKA),,24600
LOGICO,JU TOYAMA,KOBE,600525,KOBE,,24600
LOGICO,JU TOYAMA,GLOBAL HAKATA,600525,HAKATA,,50500
KLC,JU TOYAMA,KLC,600525,SENBOKU (OSAKA),,19000
KLC,JU TOYAMA,KOBE,600525,KOBE,,19000
KLC,JU TOYAMA,FUJITRANS KINJO,600525,NAGOYA,,16000
KLC,JU TOYAMA,GLOBAL NAGOYA,600525,NAGOYA,,16000
KLC,JU TOYAMA,GLOBAL KAWASAKI,600525,YOKOHAMA,,33000
KLC,JU TOYAMA,AQUA LOGISTICS,600525,YOKOHAMA,,36000
KLC,JU TOYAMA,GLOBAL HAKATA,600525,HAKATA,,42000
HIDA,JU TOYAMA,GLOBAL NAGOYA,600525,NAGOYA,,15000
LOGICO,JU YAMAGATA,GLOBAL KAWASAKI,90532,YOKOHAMA,,55000
LOGICO,JU YAMAGATA,AQUA LOGISTICS,90532,YOKOHAMA,,55500
LOGICO,JU YAMAGATA,GLOBAL NAGOYA,90532,NAGOYA,,56000
LOGICO,JU YAMAGATA,KLC,90532,SENBOKU (OSAKA),,61000
LOGICO,JU YAMAGATA,KOBE,90532,KOBE,,62500
LOGICO,JU YAMAGATA,GLOBAL HAKATA,90532,HAKATA,,86000
KLC,JU YAMAGATA,KLC,90532,SENBOKU (OSAKA),,39000
KLC,JU YAMAGATA,KOBE,90532,KOBE,,39000
KLC,JU YAMAGATA,FUJITRANS KINJO,90532,NAGOYA,,31000
KLC,JU YAMAGATA,GLOBAL NAGOYA,90532,NAGOYA,,31000
KLC,JU YAMAGATA,GLOBAL KAWASAKI,90532,YOKOHAMA,,28000
KLC,JU YAMAGATA,AQUA LOGISTICS,90532,YOKOHAMA,,30000
LOGICO,JU YAMAGUCHI,GLOBAL KAWASAKI,59160,YOKOHAMA,,55000
LOGICO,JU YAMAGUCHI,AQUA LOGISTICS,59160,YOKOHAMA,,56200
LOGICO,JU YAMAGUCHI,GLOBAL NAGOYA,59160,NAGOYA,,37200
LOGICO,JU YAMAGUCHI,KLC,59160,SENBOKU (OSAKA),,31400
LOGICO,JU YAMAGUCHI,KOBE,59160,KOBE,,33000
LOGICO,JU YAMAGUCHI,GLOBAL HAKATA,59160,HAKATA,,14900
KLC,JU YAMAGUCHI,KLC,59160,SENBOKU (OSAKA),,25000
KLC,JU YAMAGUCHI,KOBE,59160,KOBE,,25000
KLC,JU YAMAGUCHI,FUJITRANS KINJO,59160,NAGOYA,,33000
KLC,JU YAMAGUCHI,GLOBAL NAGOYA,59160,NAGOYA,,33000
KLC,JU YAMAGUCHI,GLOBAL KAWASAKI,59160,YOKOHAMA,,42000
KLC,JU YAMAGUCHI,AQUA LOGISTICS,59160,YOKOHAMA,,44000
KLC,JU YAMAGUCHI,GLOBAL HAKATA,59160,HAKATA,,12000
Y'S,JU YAMAGUCHI,GLOBAL HAKATA,59160,HAKATA,,10200
Y'S,JU YAMAGUCHI (HIGHROOF),GLOBAL HAKATA,59160,HAKATA,,15300
LOGICO,JU YAMANASHI,GLOBAL KAWASAKI,300541,YOKOHAMA,,24000
LOGICO,JU YAMANASHI,AQUA LOGISTICS,300541,YOKOHAMA,,26400
LOGICO,JU YAMANASHI,GLOBAL NAGOYA,300541,NAGOYA,,36000
LOGICO,JU YAMANASHI,KLC,300541,SENBOKU (OSAKA),,42500
LOGICO,JU YAMANASHI,KOBE,300541,KOBE,,42500
LOGICO,JU YAMANASHI,GLOBAL HAKATA,300541,HAKATA,,55100
KLC,JU YAMANASHI,KLC,300541,SENBOKU (OSAKA),,42000
KLC,JU YAMANASHI,KOBE,300541,KOBE,,42000
KLC,JU YAMANASHI,FUJITRANS KINJO,300541,NAGOYA,,30000
KLC,JU YAMANASHI,GLOBAL NAGOYA,300541,NAGOYA,,30000
KLC,JU YAMANASHI,GLOBAL KAWASAKI,300541,YOKOHAMA,,23000
KLC,JU YAMANASHI,AQUA LOGISTICS,300541,YOKOHAMA,,30000
LOGICO,KCAA FUKUOKA,GLOBAL KAWASAKI,J2671,YOKOHAMA,,48500
LOGICO,KCAA FUKUOKA,AQUA LOGISTICS,J2671,YOKOHAMA,,49600
LOGICO,KCAA FUKUOKA,GLOBAL NAGOYA,J2671,NAGOYA,,37000
LOGICO,KCAA FUKUOKA,KLC,J2671,SENBOKU (OSAKA),,33000
LOGICO,KCAA FUKUOKA,KOBE,J2671,KOBE,,33000
LOGICO,KCAA FUKUOKA,GLOBAL HAKATA,J2671,HAKATA,,6200
KLC,KCAA FUKUOKA,KLC,J2671,SENBOKU (OSAKA),,25000
KLC,KCAA FUKUOKA,KOBE,J2671,KOBE,,25000
KLC,KCAA FUKUOKA,FUJITRANS KINJO,J2671,NAGOYA,,33000
KLC,KCAA FUKUOKA,GLOBAL NAGOYA,J2671,NAGOYA,,33000
KLC,KCAA FUKUOKA,GLOBAL KAWASAKI,J2671,YOKOHAMA,,42000
KLC,KCAA FUKUOKA,AQUA LOGISTICS,J2671,YOKOHAMA,,44000
KLC,KCAA FUKUOKA,GLOBAL HAKATA,J2671,HAKATA,,7000
Y'S,KCAA FUKUOKA,GLOBAL HAKATA,J2671,HAKATA,,3900
Y'S,KCAA FUKUOKA (HIGHROOF),GLOBAL HAKATA,J2671,HAKATA,,7200
LOGICO,KCAA KYOTO,GLOBAL KAWASAKI,J2671,YOKOHAMA,,36000
LOGICO,KCAA KYOTO,AQUA LOGISTICS,J2671,YOKOHAMA,,35000
LOGICO,KCAA KYOTO,GLOBAL NAGOYA,J2671,NAGOYA,,15000
LOGICO,KCAA KYOTO,KLC,J2671,SENBOKU (OSAKA),,10200
LOGICO,KCAA KYOTO,KOBE,J2671,KOBE,,10200
LOGICO,KCAA KYOTO,GLOBAL HAKATA,J2671,HAKATA,,38400
STYLISH,KCAA KYOTO,GLOBAL NAGOYA,J2671,NAGOYA,,13000
STYLISH,KCAA KYOTO,KLC,J2671,SENBOKU (OSAKA),,10000
STYLISH,KCAA KYOTO,KOBE,J2671,KOBE,,10000
KLC,KCAA KYOTO,KLC,J2671,SENBOKU (OSAKA),,9500
KLC,KCAA KYOTO,KOBE,J2671,KOBE,,9500
KLC,KCAA KYOTO,FUJITRANS KINJO,J2671,NAGOYA,,11000
KLC,KCAA KYOTO,GLOBAL NAGOYA,J2671,NAGOYA,,11000
KLC,KCAA KYOTO,GLOBAL KAWASAKI,J2671,YOKOHAMA,,31000
KLC,KCAA KYOTO,AQUA LOGISTICS,J2671,YOKOHAMA,,33000
KLC,KCAA KYOTO,GLOBAL HAKATA,J2671,HAKATA,,31000
LOGICO,KCAA MINAMIKYUSHU,GLOBAL KAWASAKI,J2671,YOKOHAMA,,62000
LOGICO,KCAA MINAMIKYUSHU,AQUA LOGISTICS,J2671,YOKOHAMA,,63400
LOGICO,KCAA MINAMIKYUSHU,GLOBAL NAGOYA,J2671,NAGOYA,,50000
LOGICO,KCAA MINAMIKYUSHU,KLC,J2671,SENBOKU (OSAKA),,45000
LOGICO,KCAA MINAMIKYUSHU,KOBE,J2671,KOBE,,45000
LOGICO,KCAA MINAMIKYUSHU,GLOBAL HAKATA,J2671,HAKATA,,20400
KLC,KCAA MINAMIKYUSHU,KLC,J2671,SENBOKU (OSAKA),,30000
KLC,KCAA MINAMIKYUSHU,KOBE,J2671,KOBE,,29000
KLC,KCAA MINAMIKYUSHU,FUJITRANS KINJO,J2671,NAGOYA,,37500
KLC,KCAA MINAMIKYUSHU,GLOBAL NAGOYA,J2671,NAGOYA,,37500
KLC,KCAA MINAMIKYUSHU,GLOBAL KAWASAKI,J2671,YOKOHAMA,,57000
KLC,KCAA MINAMIKYUSHU,AQUA LOGISTICS,J2671,YOKOHAMA,,59000
KLC,KCAA MINAMIKYUSHU,GLOBAL HAKATA,J2671,HAKATA,,23000
Y'S,KCAA MINAMIKYUSHU,GLOBAL HAKATA,J2671,HAKATA,,14300
Y'S,KCAA MINAMIKYUSHU (HIGHROOF),GLOBAL HAKATA,J2671,HAKATA,,21450
LOGICO,KCAA YAMAGUCHI,GLOBAL KAWASAKI,J2671,YOKOHAMA,,55000
LOGICO,KCAA YAMAGUCHI,AQUA LOGISTICS,J2671,YOKOHAMA,,56200
LOGICO,KCAA YAMAGUCHI,GLOBAL NAGOYA,J2671,NAGOYA,,37200
LOGICO,KCAA YAMAGUCHI,KLC,J2671,SENBOKU (OSAKA),,31400
LOGICO,KCAA YAMAGUCHI,KOBE,J2671,KOBE,,33000
LOGICO,KCAA YAMAGUCHI,GLOBAL HAKATA,J2671,HAKATA,,14900
KLC,KCAA YAMAGUCHI,KLC,J2671,SENBOKU (OSAKA),,25000
KLC,KCAA YAMAGUCHI,KOBE,J2671,KOBE,,25000
KLC,KCAA YAMAGUCHI,FUJITRANS KINJO,J2671,NAGOYA,,33000
KLC,KCAA YAMAGUCHI,GLOBAL NAGOYA,J2671,NAGOYA,,33000
KLC,KCAA YAMAGUCHI,GLOBAL KAWASAKI,J2671,YOKOHAMA,,42000
KLC,KCAA YAMAGUCHI,AQUA LOGISTICS,J2671,YOKOHAMA,,44000
KLC,KCAA YAMAGUCHI,GLOBAL HAKATA,J2671,HAKATA,,12000
Y'S,KCAA YAMAGUCHI,GLOBAL HAKATA,J2671,HAKATA,,10200
Y'S,KCAA YAMAGUCHI (HIGHROOF),GLOBAL HAKATA,J2671,HAKATA,,15300
LOGICO,LAA KOBE SATELLITE,GLOBAL KAWASAKI,00S7784,YOKOHAMA,,33000
LOGICO,LAA KOBE SATELLITE,AQUA LOGISTICS,00S7784,YOKOHAMA,,33000
LOGICO,LAA KOBE SATELLITE,GLOBAL NAGOYA,00S7784,NAGOYA,,11600
LOGICO,LAA KOBE SATELLITE,KLC,00S7784,SENBOKU (OSAKA),,6500
LOGICO,LAA KOBE SATELLITE,KOBE,00S7784,KOBE,,5500
LOGICO,LAA KOBE SATELLITE,GLOBAL HAKATA,00S7784,HAKATA,,33000
KLC,LAA KOBE SATELLITE,KLC,00S7784,SENBOKU (OSAKA),,13500
KLC,LAA KOBE SATELLITE,KOBE,00S7784,KOBE,,13500
KLC,LAA KOBE SATELLITE,FUJITRANS KINJO,00S7784,NAGOYA,,23500
KLC,LAA KOBE SATELLITE,GLOBAL NAGOYA,00S7784,NAGOYA,,23500
KLC,LAA KOBE SATELLITE,GLOBAL KAWASAKI,00S7784,YOKOHAMA,,36000
KLC,LAA KOBE SATELLITE,AQUA LOGISTICS,00S7784,YOKOHAMA,,37000
KLC,LAA KOBE SATELLITE,GLOBAL HAKATA,00S7784,HAKATA,,34000
LOGICO,LAA OKAYAMA,GLOBAL KAWASAKI,00S7784,YOKOHAMA,,41400
LOGICO,LAA OKAYAMA,AQUA LOGISTICS,00S7784,YOKOHAMA,,42400
LOGICO,LAA OKAYAMA,GLOBAL NAGOYA,00S7784,NAGOYA,,28200
LOGICO,LAA OKAYAMA,KLC,00S7784,SENBOKU (OSAKA),,14000
LOGICO,LAA OKAYAMA,KOBE,00S7784,KOBE,,11600
LOGICO,LAA OKAYAMA,GLOBAL HAKATA,00S7784,HAKATA,,31400
STYLISH,LAA OKAYAMA,GLOBAL NAGOYA,00S7784,NAGOYA,,25000
STYLISH,LAA OKAYAMA,KLC,00S7784,SENBOKU (OSAKA),,15000
STYLISH,LAA OKAYAMA,KOBE,00S7784,KOBE,,15000
KLC,LAA OKAYAMA,KLC,00S7784,SENBOKU (OSAKA),,11000
KLC,LAA OKAYAMA,KOBE,00S7784,KOBE,,11000
KLC,LAA OKAYAMA,FUJITRANS KINJO,00S7784,NAGOYA,,20500
KLC,LAA OKAYAMA,GLOBAL NAGOYA,00S7784,NAGOYA,,20500
KLC,LAA OKAYAMA,GLOBAL KAWASAKI,00S7784,YOKOHAMA,,35000
KLC,LAA OKAYAMA,AQUA LOGISTICS,00S7784,YOKOHAMA,,36000
KLC,LAA OKAYAMA,GLOBAL HAKATA,00S7784,HAKATA,,31000
LOGICO,LAA OKAYAMA (TOTTORI),GLOBAL KAWASAKI,00S7784,YOKOHAMA,,65000
LOGICO,LAA OKAYAMA (TOTTORI),AQUA LOGISTICS,00S7784,YOKOHAMA,,62000
LOGICO,LAA OKAYAMA (TOTTORI),GLOBAL NAGOYA,00S7784,NAGOYA,,57000
LOGICO,LAA OKAYAMA (TOTTORI),KLC,00S7784,SENBOKU (OSAKA),,45000
LOGICO,LAA OKAYAMA (TOTTORI),KOBE,00S7784,KOBE,,37000
LOGICO,LAA OKAYAMA (TOTTORI),GLOBAL HAKATA,00S7784,HAKATA,,52000
KLC,LAA OKAYAMA (TOTTORI),KLC,00S7784,SENBOKU (OSAKA),,27000
KLC,LAA OKAYAMA (TOTTORI),KOBE,00S7784,KOBE,,27000
KLC,LAA OKAYAMA (TOTTORI),FUJITRANS KINJO,00S7784,NAGOYA,,37000
KLC,LAA OKAYAMA (TOTTORI),GLOBAL NAGOYA,00S7784,NAGOYA,,37000
KLC,LAA OKAYAMA (TOTTORI),GLOBAL KAWASAKI,00S7784,YOKOHAMA,,51000
KLC,LAA OKAYAMA (TOTTORI),AQUA LOGISTICS,00S7784,YOKOHAMA,,52000
LOGICO,LAA SHIKOKU,GLOBAL KAWASAKI,00S7784,YOKOHAMA,,47000
LOGICO,LAA SHIKOKU,AQUA LOGISTICS,00S7784,YOKOHAMA,,48200
LOGICO,LAA SHIKOKU,GLOBAL NAGOYA,00S7784,NAGOYA,,31800
LOGICO,LAA SHIKOKU,KLC,00S7784,SENBOKU (OSAKA),,20000
LOGICO,LAA SHIKOKU,KOBE,00S7784,KOBE,,18700
LOGICO,LAA SHIKOKU,GLOBAL HAKATA,00S7784,HAKATA,,44400
STYLISH,LAA SHIKOKU,GLOBAL NAGOYA,00S7784,NAGOYA,,32000
STYLISH,LAA SHIKOKU,KLC,00S7784,SENBOKU (OSAKA),,21000
STYLISH,LAA SHIKOKU,KOBE,00S7784,KOBE,,21000
KLC,LAA SHIKOKU,KLC,00S7784,SENBOKU (OSAKA),,24000
KLC,LAA SHIKOKU,KOBE,00S7784,KOBE,,24000
KLC,LAA SHIKOKU,FUJITRANS KINJO,00S7784,NAGOYA,,24500
KLC,LAA SHIKOKU,GLOBAL NAGOYA,00S7784,NAGOYA,,24500
KLC,LAA SHIKOKU,GLOBAL KAWASAKI,00S7784,YOKOHAMA,,41000
KLC,LAA SHIKOKU,AQUA LOGISTICS,00S7784,YOKOHAMA,,42000
KLC,LAA SHIKOKU,GLOBAL HAKATA,00S7784,HAKATA,,34000
LOGICO,LAA SHIKOKU (KAGAWA),GLOBAL KAWASAKI,00S7784,YOKOHAMA,,63000
LOGICO,LAA SHIKOKU (KAGAWA),AQUA LOGISTICS,00S7784,YOKOHAMA,,50600
LOGICO,LAA SHIKOKU (KAGAWA),GLOBAL NAGOYA,00S7784,NAGOYA,,44000
LOGICO,LAA SHIKOKU (KAGAWA),KLC,00S7784,SENBOKU (OSAKA),,32000
LOGICO,LAA SHIKOKU (KAGAWA),KOBE,00S7784,KOBE,,31000
LOGICO,LAA SHIKOKU (KAGAWA),GLOBAL HAKATA,00S7784,HAKATA,,59600
KLC,LAA SHIKOKU (KAGAWA),KLC,00S7784,SENBOKU (OSAKA),,19000
KLC,LAA SHIKOKU (KAGAWA),KOBE,00S7784,KOBE,,19000
KLC,LAA SHIKOKU (KAGAWA),FUJITRANS KINJO,00S7784,NAGOYA,,28000
KLC,LAA SHIKOKU (KAGAWA),GLOBAL NAGOYA,00S7784,NAGOYA,,28000
KLC,LAA SHIKOKU (KAGAWA),GLOBAL KAWASAKI,00S7784,YOKOHAMA,,41000
KLC,LAA SHIKOKU (KAGAWA),AQUA LOGISTICS,00S7784,YOKOHAMA,,42000
LOGICO,LUM FUKUOKA,GLOBAL KAWASAKI,1564,YOKOHAMA,,48500
LOGICO,LUM FUKUOKA,AQUA LOGISTICS,1564,YOKOHAMA,,49600
LOGICO,LUM FUKUOKA,GLOBAL NAGOYA,1564,NAGOYA,,37000
LOGICO,LUM FUKUOKA,KLC,1564,SENBOKU (OSAKA),,33000
LOGICO,LUM FUKUOKA,KOBE,1564,KOBE,,33000
LOGICO,LUM FUKUOKA,GLOBAL HAKATA,1564,HAKATA,,6200
KLC,LUM FUKUOKA,KLC,1564,SENBOKU (OSAKA),,25000
KLC,LUM FUKUOKA,KOBE,1564,KOBE,,25000
KLC,LUM FUKUOKA,FUJITRANS KINJO,1564,NAGOYA,,33000
KLC,LUM FUKUOKA,GLOBAL NAGOYA,1564,NAGOYA,,33000
KLC,LUM FUKUOKA,GLOBAL KAWASAKI,1564,YOKOHAMA,,42000
KLC,LUM FUKUOKA,AQUA LOGISTICS,1564,YOKOHAMA,,44000
KLC,LUM FUKUOKA,GLOBAL HAKATA,1564,HAKATA,,7000
Y'S,LUM FUKUOKA,GLOBAL HAKATA,1564,HAKATA,,3900
Y'S,LUM FUKUOKA (HIGHROOF),GLOBAL HAKATA,1564,HAKATA,,7200
LOGICO,LUM FUKUOKA (KITAKYUSHU),GLOBAL KAWASAKI,1564,YOKOHAMA,,48500
LOGICO,LUM FUKUOKA (KITAKYUSHU),AQUA LOGISTICS,1564,YOKOHAMA,,50400
LOGICO,LUM FUKUOKA (KITAKYUSHU),GLOBAL NAGOYA,1564,NAGOYA,,37000
LOGICO,LUM FUKUOKA (KITAKYUSHU),KLC,1564,SENBOKU (OSAKA),,33000
LOGICO,LUM FUKUOKA (KITAKYUSHU),KOBE,1564,KOBE,,33000
LOGICO,LUM FUKUOKA (KITAKYUSHU),GLOBAL HAKATA,1564,HAKATA,,7700
KLC,LUM FUKUOKA (KITAKYUSHU),KLC,1564,SENBOKU (OSAKA),,25000
KLC,LUM FUKUOKA (KITAKYUSHU),KOBE,1564,KOBE,,25000
KLC,LUM FUKUOKA (KITAKYUSHU),FUJITRANS KINJO,1564,NAGOYA,,33000
KLC,LUM FUKUOKA (KITAKYUSHU),GLOBAL NAGOYA,1564,NAGOYA,,33000
KLC,LUM FUKUOKA (KITAKYUSHU),GLOBAL KAWASAKI,1564,YOKOHAMA,,42000
KLC,LUM FUKUOKA (KITAKYUSHU),AQUA LOGISTICS,1564,YOKOHAMA,,44000
KLC,LUM FUKUOKA (KITAKYUSHU),GLOBAL HAKATA,1564,HAKATA,,7000
Y'S,LUM FUKUOKA (KITAKYUSHU),GLOBAL HAKATA,1564,HAKATA,,7000
Y'S,LUM FUKUOKA (KITAKYUSHU) (HIGHROOF),GLOBAL HAKATA,1564,HAKATA,,10500
LOGICO,LUM FUKUOKA (OKINAWA YARD),GLOBAL KAWASAKI,1564,YOKOHAMA,,62000
LOGICO,LUM FUKUOKA (OKINAWA YARD),AQUA LOGISTICS,1564,YOKOHAMA,,64600
LOGICO,LUM FUKUOKA (OKINAWA YARD),GLOBAL NAGOYA,1564,NAGOYA,,66000
LOGICO,LUM FUKUOKA (OKINAWA YARD),KLC,1564,SENBOKU (OSAKA),,54000
LOGICO,LUM FUKUOKA (OKINAWA YARD),KOBE,1564,KOBE,,55500
LOGICO,LUM FUKUOKA (OKINAWA YARD),GLOBAL HAKATA,1564,HAKATA,,52400
LOGICO,LUM HIROSHIMA,GLOBAL KAWASAKI,1564,YOKOHAMA,,48600
LOGICO,LUM HIROSHIMA,AQUA LOGISTICS,1564,YOKOHAMA,,49600
LOGICO,LUM HIROSHIMA,GLOBAL NAGOYA,1564,NAGOYA,,34800
LOGICO,LUM HIROSHIMA,KLC,1564,SENBOKU (OSAKA),,23000
LOGICO,LUM HIROSHIMA,KOBE,1564,KOBE,,20400
LOGICO,LUM HIROSHIMA,GLOBAL HAKATA,1564,HAKATA,,30600
KLC,LUM HIROSHIMA,KLC,1564,SENBOKU (OSAKA),,23000
KLC,LUM HIROSHIMA,KOBE,1564,KOBE,,23000
KLC,LUM HIROSHIMA,FUJITRANS KINJO,1564,NAGOYA,,33000
KLC,LUM HIROSHIMA,GLOBAL NAGOYA,1564,NAGOYA,,33000
KLC,LUM HIROSHIMA,GLOBAL KAWASAKI,1564,YOKOHAMA,,45000
KLC,LUM HIROSHIMA,AQUA LOGISTICS,1564,YOKOHAMA,,46000
KLC,LUM HIROSHIMA,GLOBAL HAKATA,1564,HAKATA,,21000
Y'S,LUM HIROSHIMA,GLOBAL HAKATA,1564,HAKATA,,15400
Y'S,LUM HIROSHIMA (HIGHROOF),GLOBAL HAKATA,1564,HAKATA,,23100
LOGICO,LUM HOKKAIDO,GLOBAL KAWASAKI,1564,YOKOHAMA,,36400
LOGICO,LUM HOKKAIDO,AQUA LOGISTICS,1564,YOKOHAMA,,41800
LOGICO,LUM HOKKAIDO,GLOBAL NAGOYA,1564,NAGOYA,,41400
LOGICO,LUM HOKKAIDO,KLC,1564,SENBOKU (OSAKA),,44500
LOGICO,LUM HOKKAIDO,KOBE,1564,KOBE,,46300
LOGICO,LUM HOKKAIDO,GLOBAL HAKATA,1564,HAKATA,,70800
LOGICO,LUM KOBE,GLOBAL KAWASAKI,1564,YOKOHAMA,,33000
LOGICO,LUM KOBE,AQUA LOGISTICS,1564,YOKOHAMA,,33000
LOGICO,LUM KOBE,GLOBAL NAGOYA,1564,NAGOYA,,11600
LOGICO,LUM KOBE,KLC,1564,SENBOKU (OSAKA),,6500
LOGICO,LUM KOBE,KOBE,1564,KOBE,,5500
LOGICO,LUM KOBE,GLOBAL HAKATA,1564,HAKATA,,33000
KLC,LUM KOBE,KLC,1564,SENBOKU (OSAKA),,6000
KLC,LUM KOBE,KOBE,1564,KOBE,,4500
KLC,LUM KOBE,FUJITRANS KINJO,1564,NAGOYA,,11000
KLC,LUM KOBE,GLOBAL NAGOYA,1564,NAGOYA,,11000
KLC,LUM KOBE,GLOBAL KAWASAKI,1564,YOKOHAMA,,29000
KLC,LUM KOBE,AQUA LOGISTICS,1564,YOKOHAMA,,30000
KLC,LUM KOBE,GLOBAL HAKATA,1564,HAKATA,,26000
KLC,LUM KOBE (OSAKA),KLC,1564,SENBOKU (OSAKA),,4500
KLC,LUM KOBE (OSAKA),KOBE,1564,KOBE,,6000
KLC,LUM KOBE (OSAKA),FUJITRANS KINJO,1564,NAGOYA,,11000
KLC,LUM KOBE (OSAKA),GLOBAL NAGOYA,1564,NAGOYA,,11000
KLC,LUM KOBE (OSAKA),GLOBAL KAWASAKI,1564,YOKOHAMA,,29000
KLC,LUM KOBE (OSAKA),AQUA LOGISTICS,1564,YOKOHAMA,,30000
KLC,LUM KOBE (OSAKA),GLOBAL HAKATA,1564,HAKATA,,26000
LOGICO,LUM NAGOYA,GLOBAL KAWASAKI,1564,YOKOHAMA,,24000
LOGICO,LUM NAGOYA,AQUA LOGISTICS,1564,YOKOHAMA,,31000
LOGICO,LUM NAGOYA,GLOBAL NAGOYA,1564,NAGOYA,,6000
LOGICO,LUM NAGOYA,KLC,1564,SENBOKU (OSAKA),,11600
LOGICO,LUM NAGOYA,KOBE,1564,KOBE,,11600
LOGICO,LUM NAGOYA,GLOBAL HAKATA,1564,HAKATA,,36000
KLC,LUM NAGOYA,KLC,1564,SENBOKU (OSAKA),,11000
KLC,LUM NAGOYA,KOBE,1564,KOBE,,11000
KLC,LUM NAGOYA,FUJITRANS KINJO,1564,NAGOYA,,5500
KLC,LUM NAGOYA,GLOBAL NAGOYA,1564,NAGOYA,,6000
KLC,LUM NAGOYA,GLOBAL KAWASAKI,1564,YOKOHAMA,,25000
KLC,LUM NAGOYA,AQUA LOGISTICS,1564,YOKOHAMA,,27000
KLC,LUM NAGOYA,GLOBAL HAKATA,1564,HAKATA,,32000
KLC,LUM NAGOYA (ANJO),KLC,1564,SENBOKU (OSAKA),,16000
KLC,LUM NAGOYA (ANJO),KOBE,1564,KOBE,,16000
KLC,LUM NAGOYA (ANJO),FUJITRANS KINJO,1564,NAGOYA,,9000
KLC,LUM NAGOYA (ANJO),GLOBAL NAGOYA,1564,NAGOYA,,9000
KLC,LUM NAGOYA (ANJO),GLOBAL KAWASAKI,1564,YOKOHAMA,,25000
KLC,LUM NAGOYA (ANJO),AQUA LOGISTICS,1564,YOKOHAMA,,29000
KLC,LUM NAGOYA (ANJO),GLOBAL HAKATA,1564,HAKATA,,37000
LOGICO,LUM NAGOYA (KANAZAWA),GLOBAL KAWASAKI,1564,YOKOHAMA,,38400
LOGICO,LUM NAGOYA (KANAZAWA),AQUA LOGISTICS,1564,YOKOHAMA,,44400
LOGICO,LUM NAGOYA (KANAZAWA),GLOBAL NAGOYA,1564,NAGOYA,,19200
LOGICO,LUM NAGOYA (KANAZAWA),KLC,1564,SENBOKU (OSAKA),,25100
LOGICO,LUM NAGOYA (KANAZAWA),KOBE,1564,KOBE,,25100
LOGICO,LUM NAGOYA (KANAZAWA),GLOBAL HAKATA,1564,HAKATA,,50200
LOGICO,LUM SENDAI,GLOBAL KAWASAKI,1564,YOKOHAMA,,19800
LOGICO,LUM SENDAI,AQUA LOGISTICS,1564,YOKOHAMA,,26400
LOGICO,LUM SENDAI,GLOBAL NAGOYA,1564,NAGOYA,,34000
LOGICO,LUM SENDAI,KLC,1564,SENBOKU (OSAKA),,39000
LOGICO,LUM SENDAI,KOBE,1564,KOBE,,40800
LOGICO,LUM SENDAI,GLOBAL HAKATA,1564,HAKATA,,59300
KLC,LUM SENDAI,KLC,1564,SENBOKU (OSAKA),,33000
KLC,LUM SENDAI,KOBE,1564,KOBE,,33000
KLC,LUM SENDAI,FUJITRANS KINJO,1564,NAGOYA,,28000
KLC,LUM SENDAI,GLOBAL NAGOYA,1564,NAGOYA,,28000
KLC,LUM SENDAI,GLOBAL KAWASAKI,1564,YOKOHAMA,,21000
KLC,LUM SENDAI,AQUA LOGISTICS,1564,YOKOHAMA,,23000
LOGICO,LUM SENDAI (JOUNAN YARD),GLOBAL KAWASAKI,1564,YOKOHAMA,,19800
LOGICO,LUM SENDAI (JOUNAN YARD),AQUA LOGISTICS,1564,YOKOHAMA,,26400
LOGICO,LUM SENDAI (JOUNAN YARD),GLOBAL NAGOYA,1564,NAGOYA,,34000
LOGICO,LUM SENDAI (JOUNAN YARD),KLC,1564,SENBOKU (OSAKA),,39000
LOGICO,LUM SENDAI (JOUNAN YARD),KOBE,1564,KOBE,,40800
LOGICO,LUM SENDAI (JOUNAN YARD),GLOBAL HAKATA,1564,HAKATA,,62900
LOGICO,LUM TOKYO (NASU),GLOBAL KAWASAKI,1564,YOKOHAMA,,20200
LOGICO,LUM TOKYO (NASU),AQUA LOGISTICS,1564,YOKOHAMA,,21600
LOGICO,LUM TOKYO (NASU),GLOBAL NAGOYA,1564,NAGOYA,,34000
LOGICO,LUM TOKYO (NASU),KLC,1564,SENBOKU (OSAKA),,37000
LOGICO,LUM TOKYO (NASU),KOBE,1564,KOBE,,38200
LOGICO,LUM TOKYO (NASU),GLOBAL HAKATA,1564,HAKATA,,58200
KLC,LUM TOKYO (NASU),KLC,1564,SENBOKU (OSAKA),,31000
KLC,LUM TOKYO (NASU),KOBE,1564,KOBE,,31000
KLC,LUM TOKYO (NASU),FUJITRANS KINJO,1564,NAGOYA,,36000
KLC,LUM TOKYO (NASU),GLOBAL NAGOYA,1564,NAGOYA,,36000
KLC,LUM TOKYO (NASU),GLOBAL KAWASAKI,1564,YOKOHAMA,,22000
KLC,LUM TOKYO (NASU),AQUA LOGISTICS,1564,YOKOHAMA,,29500
LOGICO,LUM TOKYO (NODA),GLOBAL KAWASAKI,1564,YOKOHAMA,,8400
LOGICO,LUM TOKYO (NODA),AQUA LOGISTICS,1564,YOKOHAMA,,10800
LOGICO,LUM TOKYO (NODA),GLOBAL NAGOYA,1564,NAGOYA,,23000
LOGICO,LUM TOKYO (NODA),KLC,1564,SENBOKU (OSAKA),,32000
LOGICO,LUM TOKYO (NODA),KOBE,1564,KOBE,,33200
LOGICO,LUM TOKYO (NODA),GLOBAL HAKATA,1564,HAKATA,,49800
KLC,LUM TOKYO (NODA),KLC,1564,SENBOKU (OSAKA),,29000
KLC,LUM TOKYO (NODA),KOBE,1564,KOBE,,30000
KLC,LUM TOKYO (NODA),FUJITRANS KINJO,1564,NAGOYA,,27000
KLC,LUM TOKYO (NODA),GLOBAL NAGOYA,1564,NAGOYA,,27000
KLC,LUM TOKYO (NODA),GLOBAL KAWASAKI,1564,YOKOHAMA,,10500
KLC,LUM TOKYO (NODA),AQUA LOGISTICS,1564,YOKOHAMA,,13000
LOGICO,LUM TOKYO (SAKURA),GLOBAL KAWASAKI,1564,YOKOHAMA,,10600
LOGICO,LUM TOKYO (SAKURA),AQUA LOGISTICS,1564,YOKOHAMA,,14400
LOGICO,LUM TOKYO (SAKURA),GLOBAL NAGOYA,1564,NAGOYA,,29000
LOGICO,LUM TOKYO (SAKURA),KLC,1564,SENBOKU (OSAKA),,32000
LOGICO,LUM TOKYO (SAKURA),KOBE,1564,KOBE,,33200
LOGICO,LUM TOKYO (SAKURA),GLOBAL HAKATA,1564,HAKATA,,51000
KLC,LUM TOKYO (SAKURA),KLC,1564,SENBOKU (OSAKA),,29000
KLC,LUM TOKYO (SAKURA),KOBE,1564,KOBE,,30000
KLC,LUM TOKYO (SAKURA),FUJITRANS KINJO,1564,NAGOYA,,27000
KLC,LUM TOKYO (SAKURA),GLOBAL NAGOYA,1564,NAGOYA,,27000
KLC,LUM TOKYO (SAKURA),GLOBAL KAWASAKI,1564,YOKOHAMA,,10000
KLC,LUM TOKYO (SAKURA),AQUA LOGISTICS,1564,YOKOHAMA,,11000
LOGICO,LUM TOKYO (SAYAMA),GLOBAL KAWASAKI,1564,YOKOHAMA,,9600
LOGICO,LUM TOKYO (SAYAMA),AQUA LOGISTICS,1564,YOKOHAMA,,18200
LOGICO,LUM TOKYO (SAYAMA),GLOBAL NAGOYA,1564,NAGOYA,,24000
LOGICO,LUM TOKYO (SAYAMA),KLC,1564,SENBOKU (OSAKA),,33000
LOGICO,LUM TOKYO (SAYAMA),KOBE,1564,KOBE,,34200
LOGICO,LUM TOKYO (SAYAMA),GLOBAL HAKATA,1564,HAKATA,,51000
KLC,LUM TOKYO (SAYAMA),KLC,1564,SENBOKU (OSAKA),,32000
KLC,LUM TOKYO (SAYAMA),KOBE,1564,KOBE,,32000
KLC,LUM TOKYO (SAYAMA),FUJITRANS KINJO,1564,NAGOYA,,32000
KLC,LUM TOKYO (SAYAMA),GLOBAL NAGOYA,1564,NAGOYA,,32000
KLC,LUM TOKYO (SAYAMA),GLOBAL KAWASAKI,1564,YOKOHAMA,,16000
KLC,LUM TOKYO (SAYAMA),AQUA LOGISTICS,1564,YOKOHAMA,,23000
LOGICO,MIRIVE AICHI,GLOBAL KAWASAKI,710596,YOKOHAMA,,24000
LOGICO,MIRIVE AICHI,AQUA LOGISTICS,710596,YOKOHAMA,,32000
LOGICO,MIRIVE AICHI,GLOBAL NAGOYA,710596,NAGOYA,,6000
LOGICO,MIRIVE AICHI,KLC,710596,SENBOKU (OSAKA),,16600
LOGICO,MIRIVE AICHI,KOBE,710596,KOBE,,11600
LOGICO,MIRIVE AICHI,GLOBAL HAKATA,710596,HAKATA,,37800
STYLISH,MIRIVE AICHI,GLOBAL NAGOYA,710596,NAGOYA,,6500
STYLISH,MIRIVE AICHI,KLC,710596,SENBOKU (OSAKA),,13000
STYLISH,MIRIVE AICHI,KOBE,710596,KOBE,,13000
KLC,MIRIVE AICHI,KLC,710596,SENBOKU (OSAKA),,11000
KLC,MIRIVE AICHI,KOBE,710596,KOBE,,11000
KLC,MIRIVE AICHI,FUJITRANS KINJO,710596,NAGOYA,,6000
KLC,MIRIVE AICHI,GLOBAL NAGOYA,710596,NAGOYA,,5500
KLC,MIRIVE AICHI,GLOBAL KAWASAKI,710596,YOKOHAMA,,25000
KLC,MIRIVE AICHI,AQUA LOGISTICS,710596,YOKOHAMA,,27000
KLC,MIRIVE AICHI,GLOBAL HAKATA,710596,HAKATA,,32000
LOGICO,MIRIVE OSAKA,GLOBAL KAWASAKI,710596,YOKOHAMA,,33000
LOGICO,MIRIVE OSAKA,AQUA LOGISTICS,710596,YOKOHAMA,,33000
LOGICO,MIRIVE OSAKA,GLOBAL NAGOYA,710596,NAGOYA,,11600
LOGICO,MIRIVE OSAKA,KLC,710596,SENBOKU (OSAKA),,5500
LOGICO,MIRIVE OSAKA,KOBE,710596,KOBE,,6500
LOGICO,MIRIVE OSAKA,GLOBAL HAKATA,710596,HAKATA,,33000
STYLISH,MIRIVE OSAKA,GLOBAL NAGOYA,710596,NAGOYA,,13000
STYLISH,MIRIVE OSAKA,KLC,710596,SENBOKU (OSAKA),,6500
STYLISH,MIRIVE OSAKA,KOBE,710596,KOBE,,7000
KLC,MIRIVE OSAKA,KLC,710596,SENBOKU (OSAKA),,6500
KLC,MIRIVE OSAKA,KOBE,710596,KOBE,,7500
KLC,MIRIVE OSAKA,FUJITRANS KINJO,710596,NAGOYA,,11000
KLC,MIRIVE OSAKA,GLOBAL NAGOYA,710596,NAGOYA,,11000
KLC,MIRIVE OSAKA,GLOBAL KAWASAKI,710596,YOKOHAMA,,29000
KLC,MIRIVE OSAKA,AQUA LOGISTICS,710596,YOKOHAMA,,30000
KLC,MIRIVE OSAKA,GLOBAL HAKATA,710596,HAKATA,,26000
LOGICO,MIRIVE SAITAMA,GLOBAL KAWASAKI,710596,YOKOHAMA,,10800
LOGICO,MIRIVE SAITAMA,AQUA LOGISTICS,710596,YOKOHAMA,,19600
LOGICO,MIRIVE SAITAMA,GLOBAL NAGOYA,710596,NAGOYA,,27000
LOGICO,MIRIVE SAITAMA,KLC,710596,SENBOKU (OSAKA),,34000
LOGICO,MIRIVE SAITAMA,KOBE,710596,KOBE,,35200
LOGICO,MIRIVE SAITAMA,GLOBAL HAKATA,710596,HAKATA,,52200
KLC,MIRIVE SAITAMA,KLC,710596,SENBOKU (OSAKA),,29000
KLC,MIRIVE SAITAMA,KOBE,710596,KOBE,,29000
KLC,MIRIVE SAITAMA,FUJITRANS KINJO,710596,NAGOYA,,29000
KLC,MIRIVE SAITAMA,GLOBAL NAGOYA,710596,NAGOYA,,29000
KLC,MIRIVE SAITAMA,GLOBAL KAWASAKI,710596,YOKOHAMA,,13000
KLC,MIRIVE SAITAMA,AQUA LOGISTICS,710596,YOKOHAMA,,19000
LOGICO,NAA FUKUOKA,GLOBAL KAWASAKI,9733100,YOKOHAMA,,48500
LOGICO,NAA FUKUOKA,AQUA LOGISTICS,9733100,YOKOHAMA,,49600
LOGICO,NAA FUKUOKA,GLOBAL NAGOYA,9733100,NAGOYA,,37000
LOGICO,NAA FUKUOKA,KLC,9733100,SENBOKU (OSAKA),,33000
LOGICO,NAA FUKUOKA,KOBE,9733100,KOBE,,33000
LOGICO,NAA FUKUOKA,GLOBAL HAKATA,9733100,HAKATA,,6200
KLC,NAA FUKUOKA,KLC,9733100,SENBOKU (OSAKA),,25000
KLC,NAA FUKUOKA,KOBE,9733100,KOBE,,25000
KLC,NAA FUKUOKA,FUJITRANS KINJO,9733100,NAGOYA,,33000
KLC,NAA FUKUOKA,GLOBAL NAGOYA,9733100,NAGOYA,,33000
KLC,NAA FUKUOKA,GLOBAL KAWASAKI,9733100,YOKOHAMA,,42000
KLC,NAA FUKUOKA,AQUA LOGISTICS,9733100,YOKOHAMA,,44000
KLC,NAA FUKUOKA,GLOBAL HAKATA,9733100,HAKATA,,7000
Y'S,NAA FUKUOKA,GLOBAL HAKATA,9733100,HAKATA,,3900
Y'S,NAA FUKUOKA (HIGHROOF),GLOBAL HAKATA,9733100,HAKATA,,7200
Y'S,NAA HIROSHIMA,GLOBAL HAKATA,9733100,HAKATA,,14300
Y'S,NAA HIROSHIMA (HIGHROOF),GLOBAL HAKATA,9733100,HAKATA,,21450
LOGICO,NAA MORIOKA,GLOBAL KAWASAKI,9733100,YOKOHAMA,,37000
LOGICO,NAA MORIOKA,AQUA LOGISTICS,9733100,YOKOHAMA,,39800
LOGICO,NAA MORIOKA,GLOBAL NAGOYA,9733100,NAGOYA,,43000
LOGICO,NAA MORIOKA,KLC,9733100,SENBOKU (OSAKA),,49000
LOGICO,NAA MORIOKA,KOBE,9733100,KOBE,,50800
LOGICO,NAA MORIOKA,GLOBAL HAKATA,9733100,HAKATA,,71900
LOGICO,NAA NAGOYA,GLOBAL KAWASAKI,9733100,YOKOHAMA,,26000
LOGICO,NAA NAGOYA,AQUA LOGISTICS,9733100,YOKOHAMA,,32000
LOGICO,NAA NAGOYA,GLOBAL NAGOYA,9733100,NAGOYA,,8500
LOGICO,NAA NAGOYA,KLC,9733100,SENBOKU (OSAKA),,11600
LOGICO,NAA NAGOYA,KOBE,9733100,KOBE,,11600
LOGICO,NAA NAGOYA,GLOBAL HAKATA,9733100,HAKATA,,37800
STYLISH,NAA NAGOYA,GLOBAL NAGOYA,9733100,NAGOYA,,8000
STYLISH,NAA NAGOYA,KLC,9733100,SENBOKU (OSAKA),,13000
STYLISH,NAA NAGOYA,KOBE,9733100,KOBE,,13000
KLC,NAA NAGOYA,KLC,9733100,SENBOKU (OSAKA),,11000
KLC,NAA NAGOYA,KOBE,9733100,KOBE,,11000
KLC,NAA NAGOYA,FUJITRANS KINJO,9733100,NAGOYA,,7500
KLC,NAA NAGOYA,GLOBAL NAGOYA,9733100,NAGOYA,,7500
KLC,NAA NAGOYA,GLOBAL KAWASAKI,9733100,YOKOHAMA,,25000
KLC,NAA NAGOYA,AQUA LOGISTICS,9733100,YOKOHAMA,,27000
KLC,NAA NAGOYA,GLOBAL HAKATA,9733100,HAKATA,,32000
HIDA,NAA NAGOYA (HOKURIKU),GLOBAL NAGOYA,9733100,NAGOYA,,18000
LOGICO,NAA OSAKA,GLOBAL KAWASAKI,9733100,YOKOHAMA,,33000
LOGICO,NAA OSAKA,AQUA LOGISTICS,9733100,YOKOHAMA,,33000
LOGICO,NAA OSAKA,GLOBAL NAGOYA,9733100,NAGOYA,,11600
LOGICO,NAA OSAKA,KLC,9733100,SENBOKU (OSAKA),,5500
LOGICO,NAA OSAKA,KOBE,9733100,KOBE,,6500
LOGICO,NAA OSAKA,GLOBAL HAKATA,9733100,HAKATA,,33000
STYLISH,NAA OSAKA,GLOBAL NAGOYA,9733100,NAGOYA,,13000
STYLISH,NAA OSAKA,KLC,9733100,SENBOKU (OSAKA),,6000
STYLISH,NAA OSAKA,KOBE,9733100,KOBE,,6000
KLC,NAA OSAKA,KLC,9733100,SENBOKU (OSAKA),,6000
KLC,NAA OSAKA,KOBE,9733100,KOBE,,6500
KLC,NAA OSAKA,FUJITRANS KINJO,9733100,NAGOYA,,11000
KLC,NAA OSAKA,GLOBAL NAGOYA,9733100,NAGOYA,,11000
KLC,NAA OSAKA,GLOBAL KAWASAKI,9733100,YOKOHAMA,,29000
KLC,NAA OSAKA,AQUA LOGISTICS,9733100,YOKOHAMA,,30000
KLC,NAA OSAKA,GLOBAL HAKATA,9733100,HAKATA,,26000
LOGICO,NAA OSAKA (SHIKOKU),GLOBAL KAWASAKI,9733100,YOKOHAMA,,63000
LOGICO,NAA OSAKA (SHIKOKU),AQUA LOGISTICS,9733100,YOKOHAMA,,48200
LOGICO,NAA OSAKA (SHIKOKU),GLOBAL NAGOYA,9733100,NAGOYA,,44000
LOGICO,NAA OSAKA (SHIKOKU),KLC,9733100,SENBOKU (OSAKA),,32000
LOGICO,NAA OSAKA (SHIKOKU),KOBE,9733100,KOBE,,31000
LOGICO,NAA OSAKA (SHIKOKU),GLOBAL HAKATA,9733100,HAKATA,,59600
KLC,NAA OSAKA (SHIKOKU),KLC,9733100,SENBOKU (OSAKA),,26000
KLC,NAA OSAKA (SHIKOKU),KOBE,9733100,KOBE,,26000
KLC,NAA OSAKA (SHIKOKU),FUJITRANS KINJO,9733100,NAGOYA,,35000
KLC,NAA OSAKA (SHIKOKU),GLOBAL NAGOYA,9733100,NAGOYA,,35000
KLC,NAA OSAKA (SHIKOKU),GLOBAL KAWASAKI,9733100,YOKOHAMA,,48000
KLC,NAA OSAKA (SHIKOKU),AQUA LOGISTICS,9733100,YOKOHAMA,,49000
LOGICO,NAA TOKYO,GLOBAL KAWASAKI,9733100,YOKOHAMA,,4800
LOGICO,NAA TOKYO,AQUA LOGISTICS,9733100,YOKOHAMA,,11600
LOGICO,NAA TOKYO,GLOBAL NAGOYA,9733100,NAGOYA,,23000
LOGICO,NAA TOKYO,KLC,9733100,SENBOKU (OSAKA),,32000
LOGICO,NAA TOKYO,KOBE,9733100,KOBE,,33200
LOGICO,NAA TOKYO,GLOBAL HAKATA,9733100,HAKATA,,48000
KLC,NAA TOKYO,KLC,9733100,SENBOKU (OSAKA),,28000
KLC,NAA TOKYO,KOBE,9733100,KOBE,,28000
KLC,NAA TOKYO,FUJITRANS KINJO,9733100,NAGOYA,,25000
KLC,NAA TOKYO,GLOBAL NAGOYA,9733100,NAGOYA,,25000
KLC,NAA TOKYO,GLOBAL KAWASAKI,9733100,YOKOHAMA,,5500
KLC,NAA TOKYO,AQUA LOGISTICS,9733100,YOKOHAMA,,10000
YAMAZAKI,NAA TOKYO,GLOBAL KAWASAKI,9733100,YOKOHAMA,,4000
LOGICO,NAA TOKYO (SAKURA),GLOBAL KAWASAKI,9733100,YOKOHAMA,,10600
LOGICO,NAA TOKYO (SAKURA),AQUA LOGISTICS,9733100,YOKOHAMA,,14400
LOGICO,NAA TOKYO (SAKURA),GLOBAL NAGOYA,9733100,NAGOYA,,27600
LOGICO,NAA TOKYO (SAKURA),KLC,9733100,SENBOKU (OSAKA),,32000
LOGICO,NAA TOKYO (SAKURA),KOBE,9733100,KOBE,,33200
LOGICO,NAA TOKYO (SAKURA),GLOBAL HAKATA,9733100,HAKATA,,51000
LOGICO,NAA TOKYO (TOHOKU),GLOBAL KAWASAKI,9733100,YOKOHAMA,,19800
LOGICO,NAA TOKYO (TOHOKU),AQUA LOGISTICS,9733100,YOKOHAMA,,26400
LOGICO,NAA TOKYO (TOHOKU),GLOBAL NAGOYA,9733100,NAGOYA,,34000
LOGICO,NAA TOKYO (TOHOKU),KLC,9733100,SENBOKU (OSAKA),,39000
LOGICO,NAA TOKYO (TOHOKU),KOBE,9733100,KOBE,,40800
LOGICO,NAA TOKYO (TOHOKU),GLOBAL HAKATA,9733100,HAKATA,,62900
LOGICO,NOAA,GLOBAL KAWASAKI,Z289700,YOKOHAMA,,33000
LOGICO,NOAA,AQUA LOGISTICS,Z289700,YOKOHAMA,,33000
LOGICO,NOAA,GLOBAL NAGOYA,Z289700,NAGOYA,,11600
LOGICO,NOAA,KLC,Z289700,SENBOKU (OSAKA),,5500
LOGICO,NOAA,KOBE,Z289700,KOBE,,6500
LOGICO,NOAA,GLOBAL HAKATA,Z289700,HAKATA,,33000
STYLISH,NOAA,GLOBAL NAGOYA,Z289700,NAGOYA,,13000
STYLISH,NOAA,KLC,Z289700,SENBOKU (OSAKA),,5500
STYLISH,NOAA,KOBE,Z289700,KOBE,,5500
KLC,NOAA,KLC,Z289700,SENBOKU (OSAKA),,6000
KLC,NOAA,KOBE,Z289700,KOBE,,6000
KLC,NOAA,FUJITRANS KINJO,Z289700,NAGOYA,,11000
KLC,NOAA,GLOBAL NAGOYA,Z289700,NAGOYA,,11000
KLC,NOAA,GLOBAL KAWASAKI,Z289700,YOKOHAMA,,29000
KLC,NOAA,AQUA LOGISTICS,Z289700,YOKOHAMA,,30000
KLC,NOAA,GLOBAL HAKATA,Z289700,HAKATA,,26000
LOGICO,NPS FUKUOKA,GLOBAL KAWASAKI,7378,YOKOHAMA,,48500
LOGICO,NPS FUKUOKA,AQUA LOGISTICS,7378,YOKOHAMA,,49600
LOGICO,NPS FUKUOKA,GLOBAL NAGOYA,7378,NAGOYA,,37000
LOGICO,NPS FUKUOKA,KLC,7378,SENBOKU (OSAKA),,33000
LOGICO,NPS FUKUOKA,KOBE,7378,KOBE,,33000
LOGICO,NPS FUKUOKA,GLOBAL HAKATA,7378,HAKATA,,6200
KLC,NPS FUKUOKA,KLC,7378,SENBOKU (OSAKA),,25000
KLC,NPS FUKUOKA,KOBE,7378,KOBE,,25000
KLC,NPS FUKUOKA,FUJITRANS KINJO,7378,NAGOYA,,33000
KLC,NPS FUKUOKA,GLOBAL NAGOYA,7378,NAGOYA,,33000
KLC,NPS FUKUOKA,GLOBAL KAWASAKI,7378,YOKOHAMA,,42000
KLC,NPS FUKUOKA,AQUA LOGISTICS,7378,YOKOHAMA,,44000
KLC,NPS FUKUOKA,GLOBAL HAKATA,7378,HAKATA,,7000
Y'S,NPS FUKUOKA,GLOBAL HAKATA,7378,HAKATA,,3900
Y'S,NPS FUKUOKA (HIGHROOF),GLOBAL HAKATA,7378,HAKATA,,7200
LOGICO,NPS GIFU,GLOBAL NAGOYA,7378,NAGOYA,,9000
LOGICO,NPS GIFU,KLC,7378,SENBOKU (OSAKA),,22400
LOGICO,NPS GIFU,KOBE,7378,KOBE,,22400
LOGICO,NPS GIFU,GLOBAL HAKATA,7378,HAKATA,,40800
KLC,NPS GIFU,KLC,7378,SENBOKU (OSAKA),,13000
KLC,NPS GIFU,KOBE,7378,KOBE,,13000
KLC,NPS GIFU,FUJITRANS KINJO,7378,NAGOYA,,10000
KLC,NPS GIFU,GLOBAL NAGOYA,7378,NAGOYA,,10000
KLC,NPS GIFU,GLOBAL KAWASAKI,7378,YOKOHAMA,,27000
KLC,NPS GIFU,AQUA LOGISTICS,7378,YOKOHAMA,,30000
KLC,NPS GIFU,GLOBAL HAKATA,7378,HAKATA,,35000
LOGICO,NPS NODA,GLOBAL KAWASAKI,7378,YOKOHAMA,,8200
LOGICO,NPS NODA,AQUA LOGISTICS,7378,YOKOHAMA,,10800
LOGICO,NPS NODA,GLOBAL NAGOYA,7378,NAGOYA,,23000
LOGICO,NPS NODA,KLC,7378,SENBOKU (OSAKA),,32000
LOGICO,NPS NODA,KOBE,7378,KOBE,,33200
LOGICO,NPS NODA,GLOBAL HAKATA,7378,HAKATA,,49800
LOGICO,NPS OSAKA,GLOBAL KAWASAKI,7378,YOKOHAMA,,33000
LOGICO,NPS OSAKA,AQUA LOGISTICS,7378,YOKOHAMA,,33000
LOGICO,NPS OSAKA,GLOBAL NAGOYA,7378,NAGOYA,,11600
LOGICO,NPS OSAKA,KLC,7378,SENBOKU (OSAKA),,5500
LOGICO,NPS OSAKA,KOBE,7378,KOBE,,6500
LOGICO,NPS OSAKA,GLOBAL HAKATA,7378,HAKATA,,33000
STYLISH,NPS OSAKA,GLOBAL NAGOYA,7378,NAGOYA,,13000
STYLISH,NPS OSAKA,KLC,7378,SENBOKU (OSAKA),,4000
STYLISH,NPS OSAKA,KOBE,7378,KOBE,,6500
KLC,NPS OSAKA,KLC,7378,SENBOKU (OSAKA),,4500
KLC,NPS OSAKA,KOBE,7378,KOBE,,6000
KLC,NPS OSAKA,FUJITRANS KINJO,7378,NAGOYA,,11000
KLC,NPS OSAKA,GLOBAL NAGOYA,7378,NAGOYA,,11000
KLC,NPS OSAKA,GLOBAL KAWASAKI,7378,YOKOHAMA,,29000
KLC,NPS OSAKA,AQUA LOGISTICS,7378,YOKOHAMA,,30000
KLC,NPS OSAKA,GLOBAL HAKATA,7378,HAKATA,,26000
LOGICO,NPS SENDAI,GLOBAL KAWASAKI,7378,YOKOHAMA,,19800
LOGICO,NPS SENDAI,AQUA LOGISTICS,7378,YOKOHAMA,,26400
LOGICO,NPS SENDAI,GLOBAL NAGOYA,7378,NAGOYA,,34000
LOGICO,NPS SENDAI,KLC,7378,SENBOKU (OSAKA),,39000
LOGICO,NPS SENDAI,KOBE,7378,KOBE,,40800
LOGICO,NPS SENDAI,GLOBAL HAKATA,7378,HAKATA,,62900
KLC,NPS SENDAI,KLC,7378,SENBOKU (OSAKA),,33000
KLC,NPS SENDAI,KOBE,7378,KOBE,,33000
KLC,NPS SENDAI,FUJITRANS KINJO,7378,NAGOYA,,28000
KLC,NPS SENDAI,GLOBAL NAGOYA,7378,NAGOYA,,28000
KLC,NPS SENDAI,GLOBAL KAWASAKI,7378,YOKOHAMA,,21000
KLC,NPS SENDAI,AQUA LOGISTICS,7378,YOKOHAMA,,23000
LOGICO,NPS TOCHIGI,GLOBAL KAWASAKI,7378,YOKOHAMA,,13200
LOGICO,NPS TOCHIGI,AQUA LOGISTICS,7378,YOKOHAMA,,19200
LOGICO,NPS TOCHIGI,GLOBAL NAGOYA,7378,NAGOYA,,29000
LOGICO,NPS TOCHIGI,KLC,7378,SENBOKU (OSAKA),,34000
LOGICO,NPS TOCHIGI,KOBE,7378,KOBE,,35200
LOGICO,NPS TOCHIGI,GLOBAL HAKATA,7378,HAKATA,,54600
KLC,NPS TOCHIGI,KLC,7378,SENBOKU (OSAKA),,31000
KLC,NPS TOCHIGI,KOBE,7378,KOBE,,31000
KLC,NPS TOCHIGI,FUJITRANS KINJO,7378,NAGOYA,,35000
KLC,NPS TOCHIGI,GLOBAL NAGOYA,7378,NAGOYA,,35000
KLC,NPS TOCHIGI,GLOBAL KAWASAKI,7378,YOKOHAMA,,15000
KLC,NPS TOCHIGI,AQUA LOGISTICS,7378,YOKOHAMA,,21500
LOGICO,NPS TOKYO,GLOBAL KAWASAKI,7378,YOKOHAMA,,9000
LOGICO,NPS TOKYO,AQUA LOGISTICS,7378,YOKOHAMA,,10800
LOGICO,NPS TOKYO,GLOBAL NAGOYA,7378,NAGOYA,,23000
LOGICO,NPS TOKYO,KLC,7378,SENBOKU (OSAKA),,32000
LOGICO,NPS TOKYO,KOBE,7378,KOBE,,33200
LOGICO,NPS TOKYO,GLOBAL HAKATA,7378,HAKATA,,49800
KLC,NPS TOKYO,KLC,7378,SENBOKU (OSAKA),,30000
KLC,NPS TOKYO,KOBE,7378,KOBE,,30000
KLC,NPS TOKYO,FUJITRANS KINJO,7378,NAGOYA,,27000
KLC,NPS TOKYO,GLOBAL NAGOYA,7378,NAGOYA,,27000
KLC,NPS TOKYO,GLOBAL KAWASAKI,7378,YOKOHAMA,,11000
KLC,NPS TOKYO,AQUA LOGISTICS,7378,YOKOHAMA,,13000
YAMAZAKI,NPS TOKYO,GLOBAL KAWASAKI,7378,YOKOHAMA,,8000
LOGICO,NPS TOMAKOMAI,GLOBAL KAWASAKI,7378,YOKOHAMA,,36400
LOGICO,NPS TOMAKOMAI,AQUA LOGISTICS,7378,YOKOHAMA,,41800
LOGICO,NPS TOMAKOMAI,GLOBAL NAGOYA,7378,NAGOYA,,41400
LOGICO,NPS TOMAKOMAI,KLC,7378,SENBOKU (OSAKA),,44500
LOGICO,NPS TOMAKOMAI,KOBE,7378,KOBE,,46300
LOGICO,NPS TOMAKOMAI,GLOBAL HAKATA,7378,HAKATA,,82800
KLC,NPS TOMAKOMAI,KLC,7378,SENBOKU (OSAKA),,39000
KLC,NPS TOMAKOMAI,KOBE,7378,KOBE,,39000
KLC,NPS TOMAKOMAI,FUJITRANS KINJO,7378,NAGOYA,,34000
KLC,NPS TOMAKOMAI,GLOBAL NAGOYA,7378,NAGOYA,,34000
KLC,NPS TOMAKOMAI,GLOBAL KAWASAKI,7378,YOKOHAMA,,41000
KLC,NPS TOMAKOMAI,AQUA LOGISTICS,7378,YOKOHAMA,,44000
LOGICO,ORIX ATSUGI,GLOBAL KAWASAKI,50000052,YOKOHAMA,,8900
LOGICO,ORIX ATSUGI,AQUA LOGISTICS,50000052,YOKOHAMA,,24200
LOGICO,ORIX ATSUGI,GLOBAL NAGOYA,50000052,NAGOYA,,28000
LOGICO,ORIX ATSUGI,KLC,50000052,SENBOKU (OSAKA),,34000
LOGICO,ORIX ATSUGI,KOBE,50000052,KOBE,,35200
LOGICO,ORIX ATSUGI,GLOBAL HAKATA,50000052,HAKATA,,50400
KLC,ORIX ATSUGI,KLC,50000052,SENBOKU (OSAKA),,30000
KLC,ORIX ATSUGI,KOBE,50000052,KOBE,,30000
KLC,ORIX ATSUGI,FUJITRANS KINJO,50000052,NAGOYA,,27000
KLC,ORIX ATSUGI,GLOBAL NAGOYA,50000052,NAGOYA,,27000
KLC,ORIX ATSUGI,GLOBAL KAWASAKI,50000052,YOKOHAMA,,10000
KLC,ORIX ATSUGI,AQUA LOGISTICS,50000052,YOKOHAMA,,17500
LOGICO,ORIX ATSUGI (KISARAZU),GLOBAL KAWASAKI,50000052,YOKOHAMA,,10900
LOGICO,ORIX ATSUGI (KISARAZU),AQUA LOGISTICS,50000052,YOKOHAMA,,6000
LOGICO,ORIX ATSUGI (KISARAZU),GLOBAL NAGOYA,50000052,NAGOYA,,30000
LOGICO,ORIX ATSUGI (KISARAZU),KLC,50000052,SENBOKU (OSAKA),,34000
LOGICO,ORIX ATSUGI (KISARAZU),KOBE,50000052,KOBE,,35200
LOGICO,ORIX ATSUGI (KISARAZU),GLOBAL HAKATA,50000052,HAKATA,,52800
KLC,ORIX ATSUGI (KISARAZU),KLC,50000052,SENBOKU (OSAKA),,31000
KLC,ORIX ATSUGI (KISARAZU),KOBE,50000052,KOBE,,31000
KLC,ORIX ATSUGI (KISARAZU),FUJITRANS KINJO,50000052,NAGOYA,,29000
KLC,ORIX ATSUGI (KISARAZU),GLOBAL NAGOYA,50000052,NAGOYA,,29000
KLC,ORIX ATSUGI (KISARAZU),GLOBAL KAWASAKI,50000052,YOKOHAMA,,10000
KLC,ORIX ATSUGI (KISARAZU),AQUA LOGISTICS,50000052,YOKOHAMA,,7000
LOGICO,ORIX ATSUGI (OYAMA),GLOBAL KAWASAKI,50000052,YOKOHAMA,,13200
LOGICO,ORIX ATSUGI (OYAMA),AQUA LOGISTICS,50000052,YOKOHAMA,,19200
LOGICO,ORIX ATSUGI (OYAMA),GLOBAL NAGOYA,50000052,NAGOYA,,29000
LOGICO,ORIX ATSUGI (OYAMA),KLC,50000052,SENBOKU (OSAKA),,34000
LOGICO,ORIX ATSUGI (OYAMA),KOBE,50000052,KOBE,,35200
LOGICO,ORIX ATSUGI (OYAMA),GLOBAL HAKATA,50000052,HAKATA,,54600
KLC,ORIX ATSUGI (OYAMA),KLC,50000052,SENBOKU (OSAKA),,31000
KLC,ORIX ATSUGI (OYAMA),KOBE,50000052,KOBE,,31000
KLC,ORIX ATSUGI (OYAMA),FUJITRANS KINJO,50000052,NAGOYA,,35000
KLC,ORIX ATSUGI (OYAMA),GLOBAL NAGOYA,50000052,NAGOYA,,35000
KLC,ORIX ATSUGI (OYAMA),GLOBAL KAWASAKI,50000052,YOKOHAMA,,15000
KLC,ORIX ATSUGI (OYAMA),AQUA LOGISTICS,50000052,YOKOHAMA,,20500
LOGICO,ORIX FUKUOKA,GLOBAL KAWASAKI,50000052,YOKOHAMA,,48500
LOGICO,ORIX FUKUOKA,AQUA LOGISTICS,50000052,YOKOHAMA,,49600
LOGICO,ORIX FUKUOKA,GLOBAL NAGOYA,50000052,NAGOYA,,37000
LOGICO,ORIX FUKUOKA,KLC,50000052,SENBOKU (OSAKA),,33000
LOGICO,ORIX FUKUOKA,KOBE,50000052,KOBE,,33000
LOGICO,ORIX FUKUOKA,GLOBAL HAKATA,50000052,HAKATA,,6200
KLC,ORIX FUKUOKA,KLC,50000052,SENBOKU (OSAKA),,25000
KLC,ORIX FUKUOKA,KOBE,50000052,KOBE,,25000
KLC,ORIX FUKUOKA,FUJITRANS KINJO,50000052,NAGOYA,,33000
KLC,ORIX FUKUOKA,GLOBAL NAGOYA,50000052,NAGOYA,,33000
KLC,ORIX FUKUOKA,GLOBAL KAWASAKI,50000052,YOKOHAMA,,42000
KLC,ORIX FUKUOKA,AQUA LOGISTICS,50000052,YOKOHAMA,,44000
KLC,ORIX FUKUOKA,GLOBAL HAKATA,50000052,HAKATA,,7000
Y'S,ORIX FUKUOKA,GLOBAL HAKATA,50000052,HAKATA,,3900
Y'S,ORIX FUKUOKA (HIGHROOF),GLOBAL HAKATA,50000052,HAKATA,,7200
LOGICO,ORIX FUKUOKA (OKINAWA),GLOBAL KAWASAKI,50000052,YOKOHAMA,,62000
LOGICO,ORIX FUKUOKA (OKINAWA),AQUA LOGISTICS,50000052,YOKOHAMA,,64600
LOGICO,ORIX FUKUOKA (OKINAWA),GLOBAL NAGOYA,50000052,NAGOYA,,66000
LOGICO,ORIX FUKUOKA (OKINAWA),KLC,50000052,SENBOKU (OSAKA),,54000
LOGICO,ORIX FUKUOKA (OKINAWA),KOBE,50000052,KOBE,,55500
LOGICO,ORIX FUKUOKA (OKINAWA),GLOBAL HAKATA,50000052,HAKATA,,52400
LOGICO,ORIX KOBE,GLOBAL KAWASAKI,50000052,YOKOHAMA,,33000
LOGICO,ORIX KOBE,AQUA LOGISTICS,50000052,YOKOHAMA,,33000
LOGICO,ORIX KOBE,GLOBAL NAGOYA,50000052,NAGOYA,,11600
LOGICO,ORIX KOBE,KLC,50000052,SENBOKU (OSAKA),,6500
LOGICO,ORIX KOBE,KOBE,50000052,KOBE,,5500
LOGICO,ORIX KOBE,GLOBAL HAKATA,50000052,HAKATA,,33000
STYLISH,ORIX KOBE,GLOBAL NAGOYA,50000052,NAGOYA,,13000
STYLISH,ORIX KOBE,KLC,50000052,SENBOKU (OSAKA),,6500
STYLISH,ORIX KOBE,KOBE,50000052,KOBE,,4000
KLC,ORIX KOBE,KLC,50000052,SENBOKU (OSAKA),,6000
KLC,ORIX KOBE,KOBE,50000052,KOBE,,4500
KLC,ORIX KOBE,FUJITRANS KINJO,50000052,NAGOYA,,11000
KLC,ORIX KOBE,GLOBAL NAGOYA,50000052,NAGOYA,,11000
KLC,ORIX KOBE,GLOBAL KAWASAKI,50000052,YOKOHAMA,,29000
KLC,ORIX KOBE,AQUA LOGISTICS,50000052,YOKOHAMA,,30000
KLC,ORIX KOBE,GLOBAL HAKATA,50000052,HAKATA,,26000
STYLISH,ORIX KOBE (NAGOYA),GLOBAL NAGOYA,50000052,NAGOYA,,6500
STYLISH,ORIX KOBE (NAGOYA),KLC,50000052,SENBOKU (OSAKA),,13000
STYLISH,ORIX KOBE (NAGOYA),KOBE,50000052,KOBE,,13000
KLC,ORIX NAGOYA,KLC,50000052,SENBOKU (OSAKA),,11000
KLC,ORIX NAGOYA,KOBE,50000052,KOBE,,11000
KLC,ORIX NAGOYA,FUJITRANS KINJO,50000052,NAGOYA,,6000
KLC,ORIX NAGOYA,GLOBAL NAGOYA,50000052,NAGOYA,,5500
KLC,ORIX NAGOYA,GLOBAL KAWASAKI,50000052,YOKOHAMA,,25000
KLC,ORIX NAGOYA,AQUA LOGISTICS,50000052,YOKOHAMA,,27000
KLC,ORIX NAGOYA,GLOBAL HAKATA,50000052,HAKATA,,32000
LOGICO,ORIX SENDAI,GLOBAL KAWASAKI,50000052,YOKOHAMA,,19800
LOGICO,ORIX SENDAI,AQUA LOGISTICS,50000052,YOKOHAMA,,26400
LOGICO,ORIX SENDAI,GLOBAL NAGOYA,50000052,NAGOYA,,34000
LOGICO,ORIX SENDAI,KLC,50000052,SENBOKU (OSAKA),,39000
LOGICO,ORIX SENDAI,KOBE,50000052,KOBE,,40800
LOGICO,ORIX SENDAI,GLOBAL HAKATA,50000052,HAKATA,,62900
KLC,ORIX SENDAI,KLC,50000052,SENBOKU (OSAKA),,33000
KLC,ORIX SENDAI,KOBE,50000052,KOBE,,33000
KLC,ORIX SENDAI,FUJITRANS KINJO,50000052,NAGOYA,,28000
KLC,ORIX SENDAI,GLOBAL NAGOYA,50000052,NAGOYA,,28000
KLC,ORIX SENDAI,GLOBAL KAWASAKI,50000052,YOKOHAMA,,21000
KLC,ORIX SENDAI,AQUA LOGISTICS,50000052,YOKOHAMA,,23000
LOGICO,ORIX SENDAI (CHITOSE),GLOBAL KAWASAKI,50000052,YOKOHAMA,,36400
LOGICO,ORIX SENDAI (CHITOSE),AQUA LOGISTICS,50000052,YOKOHAMA,,41800
LOGICO,ORIX SENDAI (CHITOSE),GLOBAL NAGOYA,50000052,NAGOYA,,41400
LOGICO,ORIX SENDAI (CHITOSE),KLC,50000052,SENBOKU (OSAKA),,44500
LOGICO,ORIX SENDAI (CHITOSE),KOBE,50000052,KOBE,,46300
LOGICO,ORIX SENDAI (CHITOSE),GLOBAL HAKATA,50000052,HAKATA,,82800
LOGICO,ORIX TOMAKOMAI,GLOBAL KAWASAKI,50000052,YOKOHAMA,,36400
LOGICO,ORIX TOMAKOMAI,AQUA LOGISTICS,50000052,YOKOHAMA,,41800
LOGICO,ORIX TOMAKOMAI,GLOBAL NAGOYA,50000052,NAGOYA,,41400
LOGICO,ORIX TOMAKOMAI,KLC,50000052,SENBOKU (OSAKA),,44500
LOGICO,ORIX TOMAKOMAI,KOBE,50000052,KOBE,,46300
LOGICO,ORIX TOMAKOMAI,GLOBAL HAKATA,50000052,HAKATA,,82800
LOGICO,SAA HAMAMATSU,GLOBAL KAWASAKI,3732,YOKOHAMA,,21800
LOGICO,SAA HAMAMATSU,AQUA LOGISTICS,3732,YOKOHAMA,,31100
LOGICO,SAA HAMAMATSU,GLOBAL NAGOYA,3732,NAGOYA,,15000
LOGICO,SAA HAMAMATSU,KLC,3732,SENBOKU (OSAKA),,26800
LOGICO,SAA HAMAMATSU,KOBE,3732,KOBE,,26800
LOGICO,SAA HAMAMATSU,GLOBAL HAKATA,3732,HAKATA,,44400
KLC,SAA HAMAMATSU,KLC,3732,SENBOKU (OSAKA),,22000
KLC,SAA HAMAMATSU,KOBE,3732,KOBE,,22000
KLC,SAA HAMAMATSU,FUJITRANS KINJO,3732,NAGOYA,,13000
KLC,SAA HAMAMATSU,GLOBAL NAGOYA,3732,NAGOYA,,13000
KLC,SAA HAMAMATSU,GLOBAL KAWASAKI,3732,YOKOHAMA,,24000
KLC,SAA HAMAMATSU,AQUA LOGISTICS,3732,YOKOHAMA,,27000
KLC,SAA HAMAMATSU,GLOBAL HAKATA,3732,HAKATA,,41000
LOGICO,SAA SAPPORO,GLOBAL KAWASAKI,57455,YOKOHAMA,,37400
LOGICO,SAA SAPPORO,AQUA LOGISTICS,57455,YOKOHAMA,,44200
LOGICO,SAA SAPPORO,GLOBAL NAGOYA,57455,NAGOYA,,43800
LOGICO,SAA SAPPORO,KLC,57455,SENBOKU (OSAKA),,47000
LOGICO,SAA SAPPORO,KOBE,57455,KOBE,,48800
LOGICO,SAA SAPPORO,GLOBAL HAKATA,57455,HAKATA,,73200
KLC,SAA SAPPORO,KLC,57455,SENBOKU (OSAKA),,38000
KLC,SAA SAPPORO,KOBE,57455,KOBE,,38000
KLC,SAA SAPPORO,FUJITRANS KINJO,57455,NAGOYA,,29000
KLC,SAA SAPPORO,GLOBAL NAGOYA,57455,NAGOYA,,29000
KLC,SAA SAPPORO,GLOBAL KAWASAKI,57455,YOKOHAMA,,30000
KLC,SAA SAPPORO,AQUA LOGISTICS,57455,YOKOHAMA,,35000
LOGICO,TAA CHUBU,GLOBAL KAWASAKI,65010,YOKOHAMA,,24000
LOGICO,TAA CHUBU,AQUA LOGISTICS,65010,YOKOHAMA,,32000
LOGICO,TAA CHUBU,GLOBAL NAGOYA,65010,NAGOYA,,7000
LOGICO,TAA CHUBU,KLC,65010,SENBOKU (OSAKA),,12500
LOGICO,TAA CHUBU,KOBE,65010,KOBE,,12500
LOGICO,TAA CHUBU,GLOBAL HAKATA,65010,HAKATA,,37800
STYLISH,TAA CHUBU,GLOBAL NAGOYA,65010,NAGOYA,,6000
STYLISH,TAA CHUBU,KLC,65010,SENBOKU (OSAKA),,13000
STYLISH,TAA CHUBU,KOBE,65010,KOBE,,13000
KLC,TAA CHUBU,KLC,65010,SENBOKU (OSAKA),,11000
KLC,TAA CHUBU,KOBE,65010,KOBE,,11000
KLC,TAA CHUBU,FUJITRANS KINJO,65010,NAGOYA,,6500
KLC,TAA CHUBU,GLOBAL NAGOYA,65010,NAGOYA,,6000
KLC,TAA CHUBU,GLOBAL KAWASAKI,65010,YOKOHAMA,,25000
KLC,TAA CHUBU,AQUA LOGISTICS,65010,YOKOHAMA,,27000
KLC,TAA CHUBU,GLOBAL HAKATA,65010,HAKATA,,32000
LOGICO,TAA CHUBU (HOKURIKU),GLOBAL KAWASAKI,65010,YOKOHAMA,,38400
LOGICO,TAA CHUBU (HOKURIKU),AQUA LOGISTICS,65010,YOKOHAMA,,42200
LOGICO,TAA CHUBU (HOKURIKU),GLOBAL NAGOYA,65010,NAGOYA,,16600
LOGICO,TAA CHUBU (HOKURIKU),KLC,65010,SENBOKU (OSAKA),,24600
LOGICO,TAA CHUBU (HOKURIKU),KOBE,65010,KOBE,,24600
LOGICO,TAA CHUBU (HOKURIKU),GLOBAL HAKATA,65010,HAKATA,,48700
KLC,TAA CHUBU (HOKURIKU),KLC,65010,SENBOKU (OSAKA),,19000
KLC,TAA CHUBU (HOKURIKU),KOBE,65010,KOBE,,19000
KLC,TAA CHUBU (HOKURIKU),FUJITRANS KINJO,65010,NAGOYA,,16000
KLC,TAA CHUBU (HOKURIKU),GLOBAL NAGOYA,65010,NAGOYA,,16000
KLC,TAA CHUBU (HOKURIKU),GLOBAL KAWASAKI,65010,YOKOHAMA,,33000
KLC,TAA CHUBU (HOKURIKU),AQUA LOGISTICS,65010,YOKOHAMA,,36000
KLC,TAA CHUBU (HOKURIKU),GLOBAL HAKATA,65010,HAKATA,,42000
HIDA,TAA CHUBU (HOKURIKU),GLOBAL NAGOYA,65010,NAGOYA,,15000
LOGICO,TAA CHUBU (SHIZUOKA),GLOBAL KAWASAKI,65010,YOKOHAMA,,21800
LOGICO,TAA CHUBU (SHIZUOKA),AQUA LOGISTICS,65010,YOKOHAMA,,31100
LOGICO,TAA CHUBU (SHIZUOKA),GLOBAL NAGOYA,65010,NAGOYA,,15000
LOGICO,TAA CHUBU (SHIZUOKA),KLC,65010,SENBOKU (OSAKA),,26800
LOGICO,TAA CHUBU (SHIZUOKA),KOBE,65010,KOBE,,26800
LOGICO,TAA CHUBU (SHIZUOKA),GLOBAL HAKATA,65010,HAKATA,,45600
STYLISH,TAA CHUBU (SHIZUOKA),GLOBAL NAGOYA,65010,NAGOYA,,15000
KLC,TAA CHUBU (SHIZUOKA),KLC,65010,SENBOKU (OSAKA),,23000
KLC,TAA CHUBU (SHIZUOKA),KOBE,65010,KOBE,,23000
KLC,TAA CHUBU (SHIZUOKA),FUJITRANS KINJO,65010,NAGOYA,,14000
KLC,TAA CHUBU (SHIZUOKA),GLOBAL NAGOYA,65010,NAGOYA,,14000
KLC,TAA CHUBU (SHIZUOKA),GLOBAL KAWASAKI,65010,YOKOHAMA,,24000
KLC,TAA CHUBU (SHIZUOKA),AQUA LOGISTICS,65010,YOKOHAMA,,27000
KLC,TAA CHUBU (SHIZUOKA),GLOBAL HAKATA,65010,HAKATA,,41000
LOGICO,TAA HIROSHIMA,GLOBAL KAWASAKI,65010,YOKOHAMA,,48600
LOGICO,TAA HIROSHIMA,AQUA LOGISTICS,65010,YOKOHAMA,,49600
LOGICO,TAA HIROSHIMA,GLOBAL NAGOYA,65010,NAGOYA,,34800
LOGICO,TAA HIROSHIMA,KLC,65010,SENBOKU (OSAKA),,23000
LOGICO,TAA HIROSHIMA,KOBE,65010,KOBE,,19800
LOGICO,TAA HIROSHIMA,GLOBAL HAKATA,65010,HAKATA,,30600
STYLISH,TAA HIROSHIMA,GLOBAL NAGOYA,65010,NAGOYA,,30000
STYLISH,TAA HIROSHIMA,KLC,65010,SENBOKU (OSAKA),,20000
STYLISH,TAA HIROSHIMA,KOBE,65010,KOBE,,20000
KLC,TAA HIROSHIMA,KLC,65010,SENBOKU (OSAKA),,19000
KLC,TAA HIROSHIMA,KOBE,65010,KOBE,,19000
KLC,TAA HIROSHIMA,FUJITRANS KINJO,65010,NAGOYA,,27500
KLC,TAA HIROSHIMA,GLOBAL NAGOYA,65010,NAGOYA,,27500
KLC,TAA HIROSHIMA,GLOBAL KAWASAKI,65010,YOKOHAMA,,41000
KLC,TAA HIROSHIMA,AQUA LOGISTICS,65010,YOKOHAMA,,42000
KLC,TAA HIROSHIMA,GLOBAL HAKATA,65010,HAKATA,,20000
Y'S,TAA HIROSHIMA,GLOBAL HAKATA,65010,HAKATA,,14300
Y'S,TAA HIROSHIMA (HIGHROOF),GLOBAL HAKATA,65010,HAKATA,,21450
LOGICO,TAA HOKKAIDO,GLOBAL KAWASAKI,65010,YOKOHAMA,,37400
LOGICO,TAA HOKKAIDO,AQUA LOGISTICS,65010,YOKOHAMA,,43000
LOGICO,TAA HOKKAIDO,GLOBAL NAGOYA,65010,NAGOYA,,42600
LOGICO,TAA HOKKAIDO,KLC,65010,SENBOKU (OSAKA),,44500
LOGICO,TAA HOKKAIDO,KOBE,65010,KOBE,,46300
LOGICO,TAA HOKKAIDO,GLOBAL HAKATA,65010,HAKATA,,70800
KLC,TAA HOKKAIDO,KLC,65010,SENBOKU (OSAKA),,38000
KLC,TAA HOKKAIDO,KOBE,65010,KOBE,,38000
KLC,TAA HOKKAIDO,FUJITRANS KINJO,65010,NAGOYA,,29000
KLC,TAA HOKKAIDO,GLOBAL NAGOYA,65010,NAGOYA,,29000
KLC,TAA HOKKAIDO,GLOBAL KAWASAKI,65010,YOKOHAMA,,30000
KLC,TAA HOKKAIDO,AQUA LOGISTICS,65010,YOKOHAMA,,35000
LOGICO,TAA HOKKAIDO (HAKODATE),GLOBAL KAWASAKI,65010,YOKOHAMA,,50800
LOGICO,TAA HOKKAIDO (HAKODATE),AQUA LOGISTICS,65010,YOKOHAMA,,57400
LOGICO,TAA HOKKAIDO (HAKODATE),GLOBAL NAGOYA,65010,NAGOYA,,57000
LOGICO,TAA HOKKAIDO (HAKODATE),KLC,65010,SENBOKU (OSAKA),,58000
LOGICO,TAA HOKKAIDO (HAKODATE),KOBE,65010,KOBE,,59800
LOGICO,TAA HOKKAIDO (HAKODATE),GLOBAL HAKATA,65010,HAKATA,,90000
LOGICO,TAA HYOGO,GLOBAL KAWASAKI,65010,YOKOHAMA,,33000
LOGICO,TAA HYOGO,AQUA LOGISTICS,65010,YOKOHAMA,,33000
LOGICO,TAA HYOGO,GLOBAL NAGOYA,65010,NAGOYA,,11600
LOGICO,TAA HYOGO,KLC,65010,SENBOKU (OSAKA),,6500
LOGICO,TAA HYOGO,KOBE,65010,KOBE,,5500
LOGICO,TAA HYOGO,GLOBAL HAKATA,65010,HAKATA,,33000
STYLISH,TAA HYOGO,GLOBAL NAGOYA,65010,NAGOYA,,13000
STYLISH,TAA HYOGO,KLC,65010,SENBOKU (OSAKA),,6000
STYLISH,TAA HYOGO,KOBE,65010,KOBE,,5000
KLC,TAA HYOGO,KLC,65010,SENBOKU (OSAKA),,6000
KLC,TAA HYOGO,KOBE,65010,KOBE,,6000
KLC,TAA HYOGO,FUJITRANS KINJO,65010,NAGOYA,,11000
KLC,TAA HYOGO,GLOBAL NAGOYA,65010,NAGOYA,,11000
KLC,TAA HYOGO,GLOBAL KAWASAKI,65010,YOKOHAMA,,29000
KLC,TAA HYOGO,AQUA LOGISTICS,65010,YOKOHAMA,,30000
KLC,TAA HYOGO,GLOBAL HAKATA,65010,HAKATA,,26000
LOGICO,TAA KANTO,GLOBAL KAWASAKI,65010,YOKOHAMA,,8600
LOGICO,TAA KANTO,AQUA LOGISTICS,65010,YOKOHAMA,,10800
LOGICO,TAA KANTO,GLOBAL NAGOYA,65010,NAGOYA,,24000
LOGICO,TAA KANTO,KLC,65010,SENBOKU (OSAKA),,32000
LOGICO,TAA KANTO,KOBE,65010,KOBE,,33200
LOGICO,TAA KANTO,GLOBAL HAKATA,65010,HAKATA,,49800
KLC,TAA KANTO,KLC,65010,SENBOKU (OSAKA),,28000
KLC,TAA KANTO,KOBE,65010,KOBE,,28000
KLC,TAA KANTO,FUJITRANS KINJO,65010,NAGOYA,,27000
KLC,TAA KANTO,GLOBAL NAGOYA,65010,NAGOYA,,27000
KLC,TAA KANTO,GLOBAL KAWASAKI,65010,YOKOHAMA,,9000
KLC,TAA KANTO,AQUA LOGISTICS,65010,YOKOHAMA,,11000
YAMAZAKI,TAA KANTO,GLOBAL KAWASAKI,65010,YOKOHAMA,,6000
LOGICO,TAA KANTO (IBARAKI),GLOBAL KAWASAKI,65010,YOKOHAMA,,14400
LOGICO,TAA KANTO (IBARAKI),AQUA LOGISTICS,65010,YOKOHAMA,,22200
LOGICO,TAA KANTO (IBARAKI),GLOBAL NAGOYA,65010,NAGOYA,,31400
LOGICO,TAA KANTO (IBARAKI),KLC,65010,SENBOKU (OSAKA),,35000
LOGICO,TAA KANTO (IBARAKI),KOBE,65010,KOBE,,36200
LOGICO,TAA KANTO (IBARAKI),GLOBAL HAKATA,65010,HAKATA,,54600
KLC,TAA KANTO (IBARAKI),KLC,65010,SENBOKU (OSAKA),,32000
KLC,TAA KANTO (IBARAKI),KOBE,65010,KOBE,,32000
KLC,TAA KANTO (IBARAKI),FUJITRANS KINJO,65010,NAGOYA,,35000
KLC,TAA KANTO (IBARAKI),GLOBAL NAGOYA,65010,NAGOYA,,35000
KLC,TAA KANTO (IBARAKI),GLOBAL KAWASAKI,65010,YOKOHAMA,,15000
KLC,TAA KANTO (IBARAKI),AQUA LOGISTICS,65010,YOKOHAMA,,22000
LOGICO,TAA KANTO (KITA KANTO),GLOBAL KAWASAKI,65010,YOKOHAMA,,12000
LOGICO,TAA KANTO (KITA KANTO),AQUA LOGISTICS,65010,YOKOHAMA,,21600
LOGICO,TAA KANTO (KITA KANTO),GLOBAL NAGOYA,65010,NAGOYA,,29000
LOGICO,TAA KANTO (KITA KANTO),KLC,65010,SENBOKU (OSAKA),,34000
LOGICO,TAA KANTO (KITA KANTO),KOBE,65010,KOBE,,35200
LOGICO,TAA KANTO (KITA KANTO),GLOBAL HAKATA,65010,HAKATA,,53400
KLC,TAA KANTO (KITA KANTO),KLC,65010,SENBOKU (OSAKA),,31000
KLC,TAA KANTO (KITA KANTO),KOBE,65010,KOBE,,31000
KLC,TAA KANTO (KITA KANTO),FUJITRANS KINJO,65010,NAGOYA,,31000
KLC,TAA KANTO (KITA KANTO),GLOBAL NAGOYA,65010,NAGOYA,,31000
KLC,TAA KANTO (KITA KANTO),GLOBAL KAWASAKI,65010,YOKOHAMA,,15000
KLC,TAA KANTO (KITA KANTO),AQUA LOGISTICS,65010,YOKOHAMA,,22000
LOGICO,TAA KANTO (SAITAMA),GLOBAL KAWASAKI,65010,YOKOHAMA,,10800
LOGICO,TAA KANTO (SAITAMA),AQUA LOGISTICS,65010,YOKOHAMA,,19600
LOGICO,TAA KANTO (SAITAMA),GLOBAL NAGOYA,65010,NAGOYA,,27000
LOGICO,TAA KANTO (SAITAMA),KLC,65010,SENBOKU (OSAKA),,33000
LOGICO,TAA KANTO (SAITAMA),KOBE,65010,KOBE,,34200
LOGICO,TAA KANTO (SAITAMA),GLOBAL HAKATA,65010,HAKATA,,52200
KLC,TAA KANTO (SAITAMA),KLC,65010,SENBOKU (OSAKA),,29000
KLC,TAA KANTO (SAITAMA),KOBE,65010,KOBE,,29000
KLC,TAA KANTO (SAITAMA),FUJITRANS KINJO,65010,NAGOYA,,29000
KLC,TAA KANTO (SAITAMA),GLOBAL NAGOYA,65010,NAGOYA,,29000
KLC,TAA KANTO (SAITAMA),GLOBAL KAWASAKI,65010,YOKOHAMA,,13000
KLC,TAA KANTO (SAITAMA),AQUA LOGISTICS,65010,YOKOHAMA,,19500
YAMAZAKI,TAA KANTO (SAITAMA),GLOBAL KAWASAKI,65010,YOKOHAMA,,7000
LOGICO,TAA KANTO (SHINMINATO),GLOBAL KAWASAKI,65010,YOKOHAMA,,8600
LOGICO,TAA KANTO (SHINMINATO),AQUA LOGISTICS,65010,YOKOHAMA,,10800
LOGICO,TAA KANTO (SHINMINATO),GLOBAL NAGOYA,65010,NAGOYA,,24000
LOGICO,TAA KANTO (SHINMINATO),KLC,65010,SENBOKU (OSAKA),,32000
LOGICO,TAA KANTO (SHINMINATO),KOBE,65010,KOBE,,33200
LOGICO,TAA KANTO (SHINMINATO),GLOBAL HAKATA,65010,HAKATA,,49800
KLC,TAA KANTO (SHINMINATO),KLC,65010,SENBOKU (OSAKA),,28000
KLC,TAA KANTO (SHINMINATO),KOBE,65010,KOBE,,28000
KLC,TAA KANTO (SHINMINATO),FUJITRANS KINJO,65010,NAGOYA,,27000
KLC,TAA KANTO (SHINMINATO),GLOBAL NAGOYA,65010,NAGOYA,,27000
KLC,TAA KANTO (SHINMINATO),GLOBAL KAWASAKI,65010,YOKOHAMA,,9000
KLC,TAA KANTO (SHINMINATO),AQUA LOGISTICS,65010,YOKOHAMA,,11000
YAMAZAKI,TAA KANTO (SHINMINATO),GLOBAL KAWASAKI,65010,YOKOHAMA,,6000
LOGICO,TAA KINKI,GLOBAL KAWASAKI,65010,YOKOHAMA,,33000
LOGICO,TAA KINKI,AQUA LOGISTICS,65010,YOKOHAMA,,33000
LOGICO,TAA KINKI,GLOBAL NAGOYA,65010,NAGOYA,,11600
LOGICO,TAA KINKI,KLC,65010,SENBOKU (OSAKA),,5500
LOGICO,TAA KINKI,KOBE,65010,KOBE,,6500
LOGICO,TAA KINKI,GLOBAL HAKATA,65010,HAKATA,,33000
STYLISH,TAA KINKI,GLOBAL NAGOYA,65010,NAGOYA,,13000
STYLISH,TAA KINKI,KLC,65010,SENBOKU (OSAKA),,6000
STYLISH,TAA KINKI,KOBE,65010,KOBE,,6000
KLC,TAA KINKI,KLC,65010,SENBOKU (OSAKA),,6000
KLC,TAA KINKI,KOBE,65010,KOBE,,6000
KLC,TAA KINKI,FUJITRANS KINJO,65010,NAGOYA,,11000
KLC,TAA KINKI,GLOBAL NAGOYA,65010,NAGOYA,,11000
KLC,TAA KINKI,GLOBAL KAWASAKI,65010,YOKOHAMA,,29000
KLC,TAA KINKI,AQUA LOGISTICS,65010,YOKOHAMA,,30000
KLC,TAA KINKI,GLOBAL HAKATA,65010,HAKATA,,26000
LOGICO,TAA KINKI (KYOTO YARD),GLOBAL KAWASAKI,65010,YOKOHAMA,,36000
LOGICO,TAA KINKI (KYOTO YARD),AQUA LOGISTICS,65010,YOKOHAMA,,35000
LOGICO,TAA KINKI (KYOTO YARD),GLOBAL NAGOYA,65010,NAGOYA,,15000
LOGICO,TAA KINKI (KYOTO YARD),KLC,65010,SENBOKU (OSAKA),,10200
LOGICO,TAA KINKI (KYOTO YARD),KOBE,65010,KOBE,,10200
LOGICO,TAA KINKI (KYOTO YARD),GLOBAL HAKATA,65010,HAKATA,,38400
KLC,TAA KINKI (KYOTO YARD),KLC,65010,SENBOKU (OSAKA),,9500
KLC,TAA KINKI (KYOTO YARD),KOBE,65010,KOBE,,9500
KLC,TAA KINKI (KYOTO YARD),FUJITRANS KINJO,65010,NAGOYA,,11000
KLC,TAA KINKI (KYOTO YARD),GLOBAL NAGOYA,65010,NAGOYA,,11000
KLC,TAA KINKI (KYOTO YARD),GLOBAL KAWASAKI,65010,YOKOHAMA,,31000
KLC,TAA KINKI (KYOTO YARD),AQUA LOGISTICS,65010,YOKOHAMA,,33000
KLC,TAA KINKI (KYOTO YARD),GLOBAL HAKATA,65010,HAKATA,,31000
LOGICO,TAA KINKI (NANKO),GLOBAL KAWASAKI,65010,YOKOHAMA,,33000
LOGICO,TAA KINKI (NANKO),AQUA LOGISTICS,65010,YOKOHAMA,,33000
LOGICO,TAA KINKI (NANKO),GLOBAL NAGOYA,65010,NAGOYA,,11600
LOGICO,TAA KINKI (NANKO),KLC,65010,SENBOKU (OSAKA),,5500
LOGICO,TAA KINKI (NANKO),KOBE,65010,KOBE,,6500
LOGICO,TAA KINKI (NANKO),GLOBAL HAKATA,65010,HAKATA,,38400
LOGICO,TAA KINKI (SHIGA YARD),GLOBAL KAWASAKI,65010,YOKOHAMA,,43000
LOGICO,TAA KINKI (SHIGA YARD),AQUA LOGISTICS,65010,YOKOHAMA,,49000
LOGICO,TAA KINKI (SHIGA YARD),GLOBAL NAGOYA,65010,NAGOYA,,22500
LOGICO,TAA KINKI (SHIGA YARD),KLC,65010,SENBOKU (OSAKA),,24600
LOGICO,TAA KINKI (SHIGA YARD),KOBE,65010,KOBE,,24600
LOGICO,TAA KINKI (SHIGA YARD),GLOBAL HAKATA,65010,HAKATA,,50500
KLC,TAA KINKI (SHIGA YARD),KLC,65010,SENBOKU (OSAKA),,18000
KLC,TAA KINKI (SHIGA YARD),KOBE,65010,KOBE,,18000
KLC,TAA KINKI (SHIGA YARD),FUJITRANS KINJO,65010,NAGOYA,,18000
KLC,TAA KINKI (SHIGA YARD),GLOBAL NAGOYA,65010,NAGOYA,,18000
KLC,TAA KINKI (SHIGA YARD),GLOBAL KAWASAKI,65010,YOKOHAMA,,34000
KLC,TAA KINKI (SHIGA YARD),AQUA LOGISTICS,65010,YOKOHAMA,,36000
LOGICO,TAA KYUSHU,GLOBAL KAWASAKI,65010,YOKOHAMA,,48500
LOGICO,TAA KYUSHU,AQUA LOGISTICS,65010,YOKOHAMA,,49600
LOGICO,TAA KYUSHU,GLOBAL NAGOYA,65010,NAGOYA,,37000
LOGICO,TAA KYUSHU,KLC,65010,SENBOKU (OSAKA),,33000
LOGICO,TAA KYUSHU,KOBE,65010,KOBE,,33000
LOGICO,TAA KYUSHU,GLOBAL HAKATA,65010,HAKATA,,7700
KLC,TAA KYUSHU,KLC,65010,SENBOKU (OSAKA),,26000
KLC,TAA KYUSHU,KOBE,65010,KOBE,,26000
KLC,TAA KYUSHU,FUJITRANS KINJO,65010,NAGOYA,,34000
KLC,TAA KYUSHU,GLOBAL NAGOYA,65010,NAGOYA,,34000
KLC,TAA KYUSHU,GLOBAL KAWASAKI,65010,YOKOHAMA,,43000
KLC,TAA KYUSHU,AQUA LOGISTICS,65010,YOKOHAMA,,44000
KLC,TAA KYUSHU,GLOBAL HAKATA,65010,HAKATA,,7000
Y'S,TAA KYUSHU,GLOBAL HAKATA,65010,HAKATA,,4620
Y'S,TAA KYUSHU (HIGHROOF),GLOBAL HAKATA,65010,HAKATA,,7920
LOGICO,TAA MINAMIKYUSHU,GLOBAL KAWASAKI,65010,YOKOHAMA,,63500
LOGICO,TAA MINAMIKYUSHU,AQUA LOGISTICS,65010,YOKOHAMA,,66800
LOGICO,TAA MINAMIKYUSHU,GLOBAL NAGOYA,65010,NAGOYA,,54000
LOGICO,TAA MINAMIKYUSHU,KLC,65010,SENBOKU (OSAKA),,44000
LOGICO,TAA MINAMIKYUSHU,KOBE,65010,KOBE,,44000
LOGICO,TAA MINAMIKYUSHU,GLOBAL HAKATA,65010,HAKATA,,22800
KLC,TAA MINAMIKYUSHU,KLC,65010,SENBOKU (OSAKA),,31000
KLC,TAA MINAMIKYUSHU,KOBE,65010,KOBE,,29000
KLC,TAA MINAMIKYUSHU,FUJITRANS KINJO,65010,NAGOYA,,37500
KLC,TAA MINAMIKYUSHU,GLOBAL NAGOYA,65010,NAGOYA,,37500
KLC,TAA MINAMIKYUSHU,GLOBAL KAWASAKI,65010,YOKOHAMA,,60000
KLC,TAA MINAMIKYUSHU,AQUA LOGISTICS,65010,YOKOHAMA,,62000
KLC,TAA MINAMIKYUSHU,GLOBAL HAKATA,65010,HAKATA,,23000
Y'S,TAA MINAMIKYUSHU,GLOBAL HAKATA,65010,HAKATA,,15400
Y'S,TAA MINAMIKYUSHU (HIGHROOF),GLOBAL HAKATA,65010,HAKATA,,23100
LOGICO,TAA SENDAI,GLOBAL KAWASAKI,65010,YOKOHAMA,,19800
LOGICO,TAA SENDAI,AQUA LOGISTICS,65010,YOKOHAMA,,26400
LOGICO,TAA SENDAI,GLOBAL NAGOYA,65010,NAGOYA,,34000
LOGICO,TAA SENDAI,KLC,65010,SENBOKU (OSAKA),,39000
LOGICO,TAA SENDAI,KOBE,65010,KOBE,,40800
LOGICO,TAA SENDAI,GLOBAL HAKATA,65010,HAKATA,,62900
KLC,TAA SENDAI,KLC,65010,SENBOKU (OSAKA),,33000
KLC,TAA SENDAI,KOBE,65010,KOBE,,33000
KLC,TAA SENDAI,FUJITRANS KINJO,65010,NAGOYA,,28000
KLC,TAA SENDAI,GLOBAL NAGOYA,65010,NAGOYA,,28000
KLC,TAA SENDAI,GLOBAL KAWASAKI,65010,YOKOHAMA,,21000
KLC,TAA SENDAI,AQUA LOGISTICS,65010,YOKOHAMA,,23000
LOGICO,TAA SHIKOKU,GLOBAL KAWASAKI,65010,YOKOHAMA,,47000
LOGICO,TAA SHIKOKU,AQUA LOGISTICS,65010,YOKOHAMA,,48200
LOGICO,TAA SHIKOKU,GLOBAL NAGOYA,65010,NAGOYA,,31800
LOGICO,TAA SHIKOKU,KLC,65010,SENBOKU (OSAKA),,19000
LOGICO,TAA SHIKOKU,KOBE,65010,KOBE,,17900
LOGICO,TAA SHIKOKU,GLOBAL HAKATA,65010,HAKATA,,45600
STYLISH,TAA SHIKOKU,GLOBAL NAGOYA,65010,NAGOYA,,32000
STYLISH,TAA SHIKOKU,KLC,65010,SENBOKU (OSAKA),,21000
STYLISH,TAA SHIKOKU,KOBE,65010,KOBE,,21000
KLC,TAA SHIKOKU,KLC,65010,SENBOKU (OSAKA),,16000
KLC,TAA SHIKOKU,KOBE,65010,KOBE,,16000
KLC,TAA SHIKOKU,FUJITRANS KINJO,65010,NAGOYA,,24500
KLC,TAA SHIKOKU,GLOBAL NAGOYA,65010,NAGOYA,,24500
KLC,TAA SHIKOKU,GLOBAL KAWASAKI,65010,YOKOHAMA,,41000
KLC,TAA SHIKOKU,AQUA LOGISTICS,65010,YOKOHAMA,,42000
KLC,TAA SHIKOKU,GLOBAL HAKATA,65010,HAKATA,,35000
LOGICO,TAA SHIKOKU (EHIME YARD),GLOBAL KAWASAKI,65010,YOKOHAMA,,47000
LOGICO,TAA SHIKOKU (EHIME YARD),AQUA LOGISTICS,65010,YOKOHAMA,,50600
LOGICO,TAA SHIKOKU (EHIME YARD),GLOBAL NAGOYA,65010,NAGOYA,,31800
LOGICO,TAA SHIKOKU (EHIME YARD),KLC,65010,SENBOKU (OSAKA),,22000
LOGICO,TAA SHIKOKU (EHIME YARD),KOBE,65010,KOBE,,20900
LOGICO,TAA SHIKOKU (EHIME YARD),GLOBAL HAKATA,65010,HAKATA,,44400
LOGICO,TAA TOHOKU,GLOBAL KAWASAKI,65010,YOKOHAMA,,18000
LOGICO,TAA TOHOKU,AQUA LOGISTICS,65010,YOKOHAMA,,25200
LOGICO,TAA TOHOKU,GLOBAL NAGOYA,65010,NAGOYA,,39200
LOGICO,TAA TOHOKU,KLC,65010,SENBOKU (OSAKA),,40800
LOGICO,TAA TOHOKU,KOBE,65010,KOBE,,42600
LOGICO,TAA TOHOKU,GLOBAL HAKATA,65010,HAKATA,,68200
KLC,TAA TOHOKU,KLC,65010,SENBOKU (OSAKA),,34000
KLC,TAA TOHOKU,KOBE,65010,KOBE,,34000
KLC,TAA TOHOKU,FUJITRANS KINJO,65010,NAGOYA,,31000
KLC,TAA TOHOKU,GLOBAL NAGOYA,65010,NAGOYA,,31000
KLC,TAA TOHOKU,GLOBAL KAWASAKI,65010,YOKOHAMA,,20000
KLC,TAA TOHOKU,AQUA LOGISTICS,65010,YOKOHAMA,,22000
LOGICO,TAA TOHOKU (MIYAGI SATELLITE),GLOBAL KAWASAKI,65010,YOKOHAMA,,19800
LOGICO,TAA TOHOKU (MIYAGI SATELLITE),AQUA LOGISTICS,65010,YOKOHAMA,,26400
LOGICO,TAA TOHOKU (MIYAGI SATELLITE),GLOBAL NAGOYA,65010,NAGOYA,,34000
LOGICO,TAA TOHOKU (MIYAGI SATELLITE),KLC,65010,SENBOKU (OSAKA),,39000
LOGICO,TAA TOHOKU (MIYAGI SATELLITE),KOBE,65010,KOBE,,40800
LOGICO,TAA TOHOKU (MIYAGI SATELLITE),GLOBAL HAKATA,65010,HAKATA,,62900
LOGICO,TAA TOHOKU (SENDAI SUBARU),GLOBAL KAWASAKI,65010,YOKOHAMA,,19800
LOGICO,TAA TOHOKU (SENDAI SUBARU),AQUA LOGISTICS,65010,YOKOHAMA,,26400
LOGICO,TAA TOHOKU (SENDAI SUBARU),GLOBAL NAGOYA,65010,NAGOYA,,34000
LOGICO,TAA TOHOKU (SENDAI SUBARU),KLC,65010,SENBOKU (OSAKA),,39000
LOGICO,TAA TOHOKU (SENDAI SUBARU),KOBE,65010,KOBE,,40800
LOGICO,TAA TOHOKU (SENDAI SUBARU),GLOBAL HAKATA,65010,HAKATA,,62900
LOGICO,TAA YOKOHAMA,GLOBAL KAWASAKI,65010,YOKOHAMA,,4800
LOGICO,TAA YOKOHAMA,AQUA LOGISTICS,65010,YOKOHAMA,,11600
LOGICO,TAA YOKOHAMA,GLOBAL NAGOYA,65010,NAGOYA,,23000
LOGICO,TAA YOKOHAMA,KLC,65010,SENBOKU (OSAKA),,32000
LOGICO,TAA YOKOHAMA,KOBE,65010,KOBE,,33200
LOGICO,TAA YOKOHAMA,GLOBAL HAKATA,65010,HAKATA,,48000
KLC,TAA YOKOHAMA,KLC,65010,SENBOKU (OSAKA),,28000
KLC,TAA YOKOHAMA,KOBE,65010,KOBE,,28000
KLC,TAA YOKOHAMA,FUJITRANS KINJO,65010,NAGOYA,,25000
KLC,TAA YOKOHAMA,GLOBAL NAGOYA,65010,NAGOYA,,25000
KLC,TAA YOKOHAMA,GLOBAL KAWASAKI,65010,YOKOHAMA,,5000
KLC,TAA YOKOHAMA,AQUA LOGISTICS,65010,YOKOHAMA,,10000
YAMAZAKI,TAA YOKOHAMA,GLOBAL KAWASAKI,65010,YOKOHAMA,,4000
LOGICO,TAA YOKOHAMA (OKINAWA YARD),GLOBAL KAWASAKI,65010,YOKOHAMA,,62000
LOGICO,TAA YOKOHAMA (OKINAWA YARD),AQUA LOGISTICS,65010,YOKOHAMA,,64600
LOGICO,TAA YOKOHAMA (OKINAWA YARD),GLOBAL NAGOYA,65010,NAGOYA,,66000
LOGICO,TAA YOKOHAMA (OKINAWA YARD),KLC,65010,SENBOKU (OSAKA),,54000
LOGICO,TAA YOKOHAMA (OKINAWA YARD),KOBE,65010,KOBE,,55500
LOGICO,TAA YOKOHAMA (OKINAWA YARD),GLOBAL HAKATA,65010,HAKATA,,52400
KLC,TAA YOKOHAMA (OKINAWA YARD),KLC,65010,SENBOKU (OSAKA),,48000
KLC,TAA YOKOHAMA (OKINAWA YARD),KOBE,65010,KOBE,,48000
KLC,TAA YOKOHAMA (OKINAWA YARD),FUJITRANS KINJO,65010,NAGOYA,,56000
KLC,TAA YOKOHAMA (OKINAWA YARD),GLOBAL NAGOYA,65010,NAGOYA,,56000
LOGICO,UMAX KOBE,GLOBAL KAWASAKI,-,YOKOHAMA,,33000
LOGICO,UMAX KOBE,AQUA LOGISTICS,-,YOKOHAMA,,33000
LOGICO,UMAX KOBE,GLOBAL NAGOYA,-,NAGOYA,,11600
LOGICO,UMAX KOBE,KLC,-,SENBOKU (OSAKA),,6500
LOGICO,UMAX KOBE,KOBE,-,KOBE,,5500
LOGICO,UMAX KOBE,GLOBAL HAKATA,-,HAKATA,,33000
LOGICO,UMAX KOBE (ROKKO),GLOBAL KAWASAKI,-,YOKOHAMA,,33000
LOGICO,UMAX KOBE (ROKKO),AQUA LOGISTICS,-,YOKOHAMA,,33000
LOGICO,UMAX KOBE (ROKKO),GLOBAL NAGOYA,-,NAGOYA,,11600
LOGICO,UMAX KOBE (ROKKO),KLC,-,SENBOKU (OSAKA),,6500
LOGICO,UMAX KOBE (ROKKO),KOBE,-,KOBE,,5500
LOGICO,UMAX KOBE (ROKKO),GLOBAL HAKATA,-,HAKATA,,33000
LOGICO,USS FUKUOKA,GLOBAL KAWASAKI,E0483,YOKOHAMA,,48500
LOGICO,USS FUKUOKA,AQUA LOGISTICS,E0483,YOKOHAMA,,49600
LOGICO,USS FUKUOKA,GLOBAL NAGOYA,E0483,NAGOYA,,37000
LOGICO,USS FUKUOKA,KLC,E0483,SENBOKU (OSAKA),,33000
LOGICO,USS FUKUOKA,KOBE,E0483,KOBE,,33000
LOGICO,USS FUKUOKA,GLOBAL HAKATA,E0483,HAKATA,,7700
KLC,USS FUKUOKA,KLC,E0483,SENBOKU (OSAKA),,26000
KLC,USS FUKUOKA,KOBE,E0483,KOBE,,26000
KLC,USS FUKUOKA,FUJITRANS KINJO,E0483,NAGOYA,,34000
KLC,USS FUKUOKA,GLOBAL NAGOYA,E0483,NAGOYA,,34000
KLC,USS FUKUOKA,GLOBAL KAWASAKI,E0483,YOKOHAMA,,43000
KLC,USS FUKUOKA,AQUA LOGISTICS,E0483,YOKOHAMA,,44000
KLC,USS FUKUOKA,GLOBAL HAKATA,E0483,HAKATA,,7000
Y'S,USS FUKUOKA,GLOBAL HAKATA,E0483,HAKATA,,4620
Y'S,USS FUKUOKA (HIGHROOF),GLOBAL HAKATA,E0483,HAKATA,,7920
LOGICO,USS GUNMA,GLOBAL KAWASAKI,E0483,YOKOHAMA,,13200
LOGICO,USS GUNMA,AQUA LOGISTICS,E0483,YOKOHAMA,,21600
LOGICO,USS GUNMA,GLOBAL NAGOYA,E0483,NAGOYA,,29000
LOGICO,USS GUNMA,KLC,E0483,SENBOKU (OSAKA),,34000
LOGICO,USS GUNMA,KOBE,E0483,KOBE,,35200
LOGICO,USS GUNMA,GLOBAL HAKATA,E0483,HAKATA,,53400
KLC,USS GUNMA,KLC,E0483,SENBOKU (OSAKA),,31000
KLC,USS GUNMA,KOBE,E0483,KOBE,,31000
KLC,USS GUNMA,FUJITRANS KINJO,E0483,NAGOYA,,31000
KLC,USS GUNMA,GLOBAL NAGOYA,E0483,NAGOYA,,31000
KLC,USS GUNMA,GLOBAL KAWASAKI,E0483,YOKOHAMA,,15000
KLC,USS GUNMA,AQUA LOGISTICS,E0483,YOKOHAMA,,22000
LOGICO,USS HOKURIKU,GLOBAL KAWASAKI,E0483,YOKOHAMA,,38400
LOGICO,USS HOKURIKU,AQUA LOGISTICS,E0483,YOKOHAMA,,42200
LOGICO,USS HOKURIKU,GLOBAL NAGOYA,E0483,NAGOYA,,16600
LOGICO,USS HOKURIKU,KLC,E0483,SENBOKU (OSAKA),,24600
LOGICO,USS HOKURIKU,KOBE,E0483,KOBE,,24600
LOGICO,USS HOKURIKU,GLOBAL HAKATA,E0483,HAKATA,,48700
KLC,USS HOKURIKU,KLC,E0483,SENBOKU (OSAKA),,19000
KLC,USS HOKURIKU,KOBE,E0483,KOBE,,19000
KLC,USS HOKURIKU,FUJITRANS KINJO,E0483,NAGOYA,,16000
KLC,USS HOKURIKU,GLOBAL NAGOYA,E0483,NAGOYA,,16000
KLC,USS HOKURIKU,GLOBAL KAWASAKI,E0483,YOKOHAMA,,33000
KLC,USS HOKURIKU,AQUA LOGISTICS,E0483,YOKOHAMA,,36000
KLC,USS HOKURIKU,GLOBAL HAKATA,E0483,HAKATA,,42000
HIDA,USS HOKURIKU,GLOBAL NAGOYA,E0483,NAGOYA,,15000
HIDA,USS HOKURIKU (HIGHROOF),GLOBAL NAGOYA,E0483,NAGOYA,,30000
LOGICO,USS KOBE,GLOBAL KAWASAKI,E0483,YOKOHAMA,,33000
LOGICO,USS KOBE,AQUA LOGISTICS,E0483,YOKOHAMA,,33000
LOGICO,USS KOBE,GLOBAL NAGOYA,E0483,NAGOYA,,11600
LOGICO,USS KOBE,KLC,E0483,SENBOKU (OSAKA),,6500
LOGICO,USS KOBE,KOBE,E0483,KOBE,,5500
LOGICO,USS KOBE,GLOBAL HAKATA,E0483,HAKATA,,33000
STYLISH,USS KOBE,GLOBAL NAGOYA,E0483,NAGOYA,,13000
STYLISH,USS KOBE,KLC,E0483,SENBOKU (OSAKA),,6500
STYLISH,USS KOBE,KOBE,E0483,KOBE,,4000
KLC,USS KOBE,KLC,E0483,SENBOKU (OSAKA),,6000
KLC,USS KOBE,KOBE,E0483,KOBE,,4500
KLC,USS KOBE,FUJITRANS KINJO,E0483,NAGOYA,,11000
KLC,USS KOBE,GLOBAL NAGOYA,E0483,NAGOYA,,11000
KLC,USS KOBE,GLOBAL KAWASAKI,E0483,YOKOHAMA,,29000
KLC,USS KOBE,AQUA LOGISTICS,E0483,YOKOHAMA,,30000
KLC,USS KOBE,GLOBAL HAKATA,E0483,HAKATA,,26000
LOGICO,USS KYUSHU,GLOBAL KAWASAKI,E0483,YOKOHAMA,,48500
LOGICO,USS KYUSHU,AQUA LOGISTICS,E0483,YOKOHAMA,,49600
LOGICO,USS KYUSHU,GLOBAL NAGOYA,E0483,NAGOYA,,37000
LOGICO,USS KYUSHU,KLC,E0483,SENBOKU (OSAKA),,33000
LOGICO,USS KYUSHU,KOBE,E0483,KOBE,,33000
LOGICO,USS KYUSHU,GLOBAL HAKATA,E0483,HAKATA,,7700
KLC,USS KYUSHU,KLC,E0483,SENBOKU (OSAKA),,26000
KLC,USS KYUSHU,KOBE,E0483,KOBE,,26000
KLC,USS KYUSHU,FUJITRANS KINJO,E0483,NAGOYA,,34000
KLC,USS KYUSHU,GLOBAL NAGOYA,E0483,NAGOYA,,34000
KLC,USS KYUSHU,GLOBAL KAWASAKI,E0483,YOKOHAMA,,43000
KLC,USS KYUSHU,AQUA LOGISTICS,E0483,YOKOHAMA,,44000
KLC,USS KYUSHU,GLOBAL HAKATA,E0483,HAKATA,,7000
Y'S,USS KYUSHU,GLOBAL HAKATA,E0483,HAKATA,,4620
Y'S,USS KYUSHU (HIGHROOF),GLOBAL HAKATA,E0483,HAKATA,,7920
LOGICO,USS KYUSHU (KAGOSHIMA),GLOBAL KAWASAKI,E0483,YOKOHAMA,,63500
LOGICO,USS KYUSHU (KAGOSHIMA),AQUA LOGISTICS,E0483,YOKOHAMA,,66800
LOGICO,USS KYUSHU (KAGOSHIMA),GLOBAL NAGOYA,E0483,NAGOYA,,54000
LOGICO,USS KYUSHU (KAGOSHIMA),KLC,E0483,SENBOKU (OSAKA),,44000
LOGICO,USS KYUSHU (KAGOSHIMA),KOBE,E0483,KOBE,,44000
LOGICO,USS KYUSHU (KAGOSHIMA),GLOBAL HAKATA,E0483,HAKATA,,22800
KLC,USS KYUSHU (KAGOSHIMA),KLC,E0483,SENBOKU (OSAKA),,34000
KLC,USS KYUSHU (KAGOSHIMA),KOBE,E0483,KOBE,,33000
KLC,USS KYUSHU (KAGOSHIMA),FUJITRANS KINJO,E0483,NAGOYA,,42000
KLC,USS KYUSHU (KAGOSHIMA),GLOBAL NAGOYA,E0483,NAGOYA,,42000
KLC,USS KYUSHU (KAGOSHIMA),GLOBAL KAWASAKI,E0483,YOKOHAMA,,61000
KLC,USS KYUSHU (KAGOSHIMA),AQUA LOGISTICS,E0483,YOKOHAMA,,63000
KLC,USS KYUSHU (KAGOSHIMA),GLOBAL HAKATA,E0483,HAKATA,,23000
Y'S,USS KYUSHU (KAGOSHIMA),GLOBAL HAKATA,E0483,HAKATA,,17820
Y'S,USS KYUSHU (KAGOSHIMA) (HIGHROOF),GLOBAL HAKATA,E0483,HAKATA,,26730
KLC,USS NAGASAKI,KLC,E0483,SENBOKU (OSAKA),,37000
KLC,USS NAGASAKI,KOBE,E0483,KOBE,,37000
KLC,USS NAGASAKI,FUJITRANS KINJO,E0483,NAGOYA,,44500
KLC,USS NAGASAKI,GLOBAL NAGOYA,E0483,NAGOYA,,44500
KLC,USS NAGASAKI,GLOBAL KAWASAKI,E0483,YOKOHAMA,,55000
KLC,USS NAGASAKI,AQUA LOGISTICS,E0483,YOKOHAMA,,56000
KLC,USS NAGASAKI,GLOBAL HAKATA,E0483,HAKATA,,22000
LOGICO,USS NAGOYA,GLOBAL KAWASAKI,E0483,YOKOHAMA,,24000
LOGICO,USS NAGOYA,AQUA LOGISTICS,E0483,YOKOHAMA,,31000
LOGICO,USS NAGOYA,GLOBAL NAGOYA,E0483,NAGOYA,,6000
LOGICO,USS NAGOYA,KLC,E0483,SENBOKU (OSAKA),,11600
LOGICO,USS NAGOYA,KOBE,E0483,KOBE,,11600
LOGICO,USS NAGOYA,GLOBAL HAKATA,E0483,HAKATA,,36000
STYLISH,USS NAGOYA,GLOBAL NAGOYA,E0483,NAGOYA,,6000
STYLISH,USS NAGOYA,KLC,E0483,SENBOKU (OSAKA),,13000
STYLISH,USS NAGOYA,KOBE,E0483,KOBE,,13000
KLC,USS NAGOYA,KLC,E0483,SENBOKU (OSAKA),,11000
KLC,USS NAGOYA,KOBE,E0483,KOBE,,11000
KLC,USS NAGOYA,FUJITRANS KINJO,E0483,NAGOYA,,5500
KLC,USS NAGOYA,GLOBAL NAGOYA,E0483,NAGOYA,,6000
KLC,USS NAGOYA,GLOBAL KAWASAKI,E0483,YOKOHAMA,,25000
KLC,USS NAGOYA,AQUA LOGISTICS,E0483,YOKOHAMA,,27000
KLC,USS NAGOYA,GLOBAL HAKATA,E0483,HAKATA,,32000
LOGICO,USS NIIGATA,GLOBAL KAWASAKI,E0483,YOKOHAMA,,22200
LOGICO,USS NIIGATA,AQUA LOGISTICS,E0483,YOKOHAMA,,32200
LOGICO,USS NIIGATA,GLOBAL NAGOYA,E0483,NAGOYA,,36000
LOGICO,USS NIIGATA,KLC,E0483,SENBOKU (OSAKA),,51000
LOGICO,USS NIIGATA,KOBE,E0483,KOBE,,51000
LOGICO,USS NIIGATA,GLOBAL HAKATA,E0483,HAKATA,,68200
KLC,USS NIIGATA,KLC,E0483,SENBOKU (OSAKA),,32000
KLC,USS NIIGATA,KOBE,E0483,KOBE,,33000
KLC,USS NIIGATA,FUJITRANS KINJO,E0483,NAGOYA,,28000
KLC,USS NIIGATA,GLOBAL NAGOYA,E0483,NAGOYA,,28000
KLC,USS NIIGATA,GLOBAL KAWASAKI,E0483,YOKOHAMA,,20000
KLC,USS NIIGATA,AQUA LOGISTICS,E0483,YOKOHAMA,,26000
LOGICO,USS OKAYAMA,GLOBAL KAWASAKI,E0483,YOKOHAMA,,41400
LOGICO,USS OKAYAMA,AQUA LOGISTICS,E0483,YOKOHAMA,,42400
LOGICO,USS OKAYAMA,GLOBAL NAGOYA,E0483,NAGOYA,,28200
LOGICO,USS OKAYAMA,KLC,E0483,SENBOKU (OSAKA),,14000
LOGICO,USS OKAYAMA,KOBE,E0483,KOBE,,11600
LOGICO,USS OKAYAMA,GLOBAL HAKATA,E0483,HAKATA,,31400
STYLISH,USS OKAYAMA,GLOBAL NAGOYA,E0483,NAGOYA,,25000
STYLISH,USS OKAYAMA,KLC,E0483,SENBOKU (OSAKA),,15000
STYLISH,USS OKAYAMA,KOBE,E0483,KOBE,,15000
KLC,USS OKAYAMA,KLC,E0483,SENBOKU (OSAKA),,11000
KLC,USS OKAYAMA,KOBE,E0483,KOBE,,11000
KLC,USS OKAYAMA,FUJITRANS KINJO,E0483,NAGOYA,,20500
KLC,USS OKAYAMA,GLOBAL NAGOYA,E0483,NAGOYA,,20500
KLC,USS OKAYAMA,GLOBAL KAWASAKI,E0483,YOKOHAMA,,35000
KLC,USS OKAYAMA,AQUA LOGISTICS,E0483,YOKOHAMA,,36000
KLC,USS OKAYAMA,GLOBAL HAKATA,E0483,HAKATA,,31000
LOGICO,USS OSAKA,GLOBAL KAWASAKI,E0483,YOKOHAMA,,33000
LOGICO,USS OSAKA,AQUA LOGISTICS,E0483,YOKOHAMA,,33000
LOGICO,USS OSAKA,GLOBAL NAGOYA,E0483,NAGOYA,,11600
LOGICO,USS OSAKA,KLC,E0483,SENBOKU (OSAKA),,5500
LOGICO,USS OSAKA,KOBE,E0483,KOBE,,6500
LOGICO,USS OSAKA,GLOBAL HAKATA,E0483,HAKATA,,33000
STYLISH,USS OSAKA,GLOBAL NAGOYA,E0483,NAGOYA,,13000
STYLISH,USS OSAKA,KLC,E0483,SENBOKU (OSAKA),,6000
STYLISH,USS OSAKA,KOBE,E0483,KOBE,,6000
KLC,USS OSAKA,KLC,E0483,SENBOKU (OSAKA),,6000
KLC,USS OSAKA,KOBE,E0483,KOBE,,6000
KLC,USS OSAKA,FUJITRANS KINJO,E0483,NAGOYA,,11000
KLC,USS OSAKA,GLOBAL NAGOYA,E0483,NAGOYA,,11000
KLC,USS OSAKA,GLOBAL KAWASAKI,E0483,YOKOHAMA,,29000
KLC,USS OSAKA,AQUA LOGISTICS,E0483,YOKOHAMA,,30000
KLC,USS OSAKA,GLOBAL HAKATA,E0483,HAKATA,,26000
LOGICO,USS R-NAGOYA,GLOBAL KAWASAKI,E0483,YOKOHAMA,,24000
LOGICO,USS R-NAGOYA,AQUA LOGISTICS,E0483,YOKOHAMA,,31000
LOGICO,USS R-NAGOYA,GLOBAL NAGOYA,E0483,NAGOYA,,6000
LOGICO,USS R-NAGOYA,KLC,E0483,SENBOKU (OSAKA),,11600
LOGICO,USS R-NAGOYA,KOBE,E0483,KOBE,,11600
LOGICO,USS R-NAGOYA,GLOBAL HAKATA,E0483,HAKATA,,36000
STYLISH,USS R-NAGOYA,GLOBAL NAGOYA,E0483,NAGOYA,,6000
STYLISH,USS R-NAGOYA,KLC,E0483,SENBOKU (OSAKA),,13000
STYLISH,USS R-NAGOYA,KOBE,E0483,KOBE,,13000
KLC,USS R-NAGOYA,KLC,E0483,SENBOKU (OSAKA),,11000
KLC,USS R-NAGOYA,KOBE,E0483,KOBE,,11000
KLC,USS R-NAGOYA,FUJITRANS KINJO,E0483,NAGOYA,,5500
KLC,USS R-NAGOYA,GLOBAL NAGOYA,E0483,NAGOYA,,6000
KLC,USS R-NAGOYA,GLOBAL KAWASAKI,E0483,YOKOHAMA,,25000
KLC,USS R-NAGOYA,AQUA LOGISTICS,E0483,YOKOHAMA,,27000
KLC,USS R-NAGOYA,GLOBAL HAKATA,E0483,HAKATA,,32000
LOGICO,USS SAITAMA,GLOBAL KAWASAKI,E0483,YOKOHAMA,,9600
LOGICO,USS SAITAMA,AQUA LOGISTICS,E0483,YOKOHAMA,,19600
LOGICO,USS SAITAMA,GLOBAL NAGOYA,E0483,NAGOYA,,24000
LOGICO,USS SAITAMA,KLC,E0483,SENBOKU (OSAKA),,33000
LOGICO,USS SAITAMA,KOBE,E0483,KOBE,,34200
LOGICO,USS SAITAMA,GLOBAL HAKATA,E0483,HAKATA,,51000
KLC,USS SAITAMA,KLC,E0483,SENBOKU (OSAKA),,29000
KLC,USS SAITAMA,KOBE,E0483,KOBE,,29000
KLC,USS SAITAMA,FUJITRANS KINJO,E0483,NAGOYA,,28000
KLC,USS SAITAMA,GLOBAL NAGOYA,E0483,NAGOYA,,28000
KLC,USS SAITAMA,GLOBAL KAWASAKI,E0483,YOKOHAMA,,11000
KLC,USS SAITAMA,AQUA LOGISTICS,E0483,YOKOHAMA,,18000
LOGICO,USS SAPPORO,GLOBAL KAWASAKI,E0483,YOKOHAMA,,37400
LOGICO,USS SAPPORO,AQUA LOGISTICS,E0483,YOKOHAMA,,44200
LOGICO,USS SAPPORO,GLOBAL NAGOYA,E0483,NAGOYA,,43800
LOGICO,USS SAPPORO,KLC,E0483,SENBOKU (OSAKA),,47000
LOGICO,USS SAPPORO,KOBE,E0483,KOBE,,48800
LOGICO,USS SAPPORO,GLOBAL HAKATA,E0483,HAKATA,,73200
KLC,USS SAPPORO,KLC,E0483,SENBOKU (OSAKA),,38000
KLC,USS SAPPORO,KOBE,E0483,KOBE,,38000
KLC,USS SAPPORO,FUJITRANS KINJO,E0483,NAGOYA,,29000
KLC,USS SAPPORO,GLOBAL NAGOYA,E0483,NAGOYA,,29000
KLC,USS SAPPORO,GLOBAL KAWASAKI,E0483,YOKOHAMA,,30000
KLC,USS SAPPORO,AQUA LOGISTICS,E0483,YOKOHAMA,,35000
LOGICO,USS SHIZUOKA,GLOBAL KAWASAKI,E0483,YOKOHAMA,,21800
LOGICO,USS SHIZUOKA,AQUA LOGISTICS,E0483,YOKOHAMA,,31100
LOGICO,USS SHIZUOKA,GLOBAL NAGOYA,E0483,NAGOYA,,15000
LOGICO,USS SHIZUOKA,KLC,E0483,SENBOKU (OSAKA),,26800
LOGICO,USS SHIZUOKA,KOBE,E0483,KOBE,,26800
LOGICO,USS SHIZUOKA,GLOBAL HAKATA,E0483,HAKATA,,45600
STYLISH,USS SHIZUOKA,GLOBAL NAGOYA,E0483,NAGOYA,,15000
KLC,USS SHIZUOKA,KLC,E0483,SENBOKU (OSAKA),,23000
KLC,USS SHIZUOKA,KOBE,E0483,KOBE,,23000
KLC,USS SHIZUOKA,FUJITRANS KINJO,E0483,NAGOYA,,14000
KLC,USS SHIZUOKA,GLOBAL NAGOYA,E0483,NAGOYA,,14000
KLC,USS SHIZUOKA,GLOBAL KAWASAKI,E0483,YOKOHAMA,,24000
KLC,USS SHIZUOKA,AQUA LOGISTICS,E0483,YOKOHAMA,,27000
KLC,USS SHIZUOKA,GLOBAL HAKATA,E0483,HAKATA,,41000
LOGICO,USS TOHOKU,GLOBAL KAWASAKI,E0483,YOKOHAMA,,19800
LOGICO,USS TOHOKU,AQUA LOGISTICS,E0483,YOKOHAMA,,26400
LOGICO,USS TOHOKU,GLOBAL NAGOYA,E0483,NAGOYA,,34000
LOGICO,USS TOHOKU,KLC,E0483,SENBOKU (OSAKA),,39000
LOGICO,USS TOHOKU,KOBE,E0483,KOBE,,40800
LOGICO,USS TOHOKU,GLOBAL HAKATA,E0483,HAKATA,,62900
KLC,USS TOHOKU,KLC,E0483,SENBOKU (OSAKA),,33000
KLC,USS TOHOKU,KOBE,E0483,KOBE,,33000
KLC,USS TOHOKU,FUJITRANS KINJO,E0483,NAGOYA,,28000
KLC,USS TOHOKU,GLOBAL NAGOYA,E0483,NAGOYA,,28000
KLC,USS TOHOKU,GLOBAL KAWASAKI,E0483,YOKOHAMA,,21000
KLC,USS TOHOKU,AQUA LOGISTICS,E0483,YOKOHAMA,,23000
LOGICO,USS TOKYO,GLOBAL KAWASAKI,E0483,YOKOHAMA,,9500
LOGICO,USS TOKYO,AQUA LOGISTICS,E0483,YOKOHAMA,,10800
LOGICO,USS TOKYO,GLOBAL NAGOYA,E0483,NAGOYA,,23000
LOGICO,USS TOKYO,KLC,E0483,SENBOKU (OSAKA),,32000
LOGICO,USS TOKYO,KOBE,E0483,KOBE,,33200
LOGICO,USS TOKYO,GLOBAL HAKATA,E0483,HAKATA,,49800
KLC,USS TOKYO,KLC,E0483,SENBOKU (OSAKA),,29000
KLC,USS TOKYO,KOBE,E0483,KOBE,,30000
KLC,USS TOKYO,FUJITRANS KINJO,E0483,NAGOYA,,27000
KLC,USS TOKYO,GLOBAL NAGOYA,E0483,NAGOYA,,27000
KLC,USS TOKYO,GLOBAL KAWASAKI,E0483,YOKOHAMA,,10500
KLC,USS TOKYO,AQUA LOGISTICS,E0483,YOKOHAMA,,13000
YAMAZAKI,USS TOKYO,GLOBAL KAWASAKI,E0483,YOKOHAMA,,7000
LOGICO,USS YOKOHAMA,GLOBAL KAWASAKI,E0483,YOKOHAMA,,4800
LOGICO,USS YOKOHAMA,AQUA LOGISTICS,E0483,YOKOHAMA,,11600
LOGICO,USS YOKOHAMA,GLOBAL NAGOYA,E0483,NAGOYA,,23000
LOGICO,USS YOKOHAMA,KLC,E0483,SENBOKU (OSAKA),,32000
LOGICO,USS YOKOHAMA,KOBE,E0483,KOBE,,33200
LOGICO,USS YOKOHAMA,GLOBAL HAKATA,E0483,HAKATA,,48000
KLC,USS YOKOHAMA,KLC,E0483,SENBOKU (OSAKA),,28000
KLC,USS YOKOHAMA,KOBE,E0483,KOBE,,28000
KLC,USS YOKOHAMA,FUJITRANS KINJO,E0483,NAGOYA,,25000
KLC,USS YOKOHAMA,GLOBAL NAGOYA,E0483,NAGOYA,,25000
KLC,USS YOKOHAMA,GLOBAL KAWASAKI,E0483,YOKOHAMA,,5000
KLC,USS YOKOHAMA,AQUA LOGISTICS,E0483,YOKOHAMA,,10000
YAMAZAKI,USS YOKOHAMA,GLOBAL KAWASAKI,E0483,YOKOHAMA,,4000
LOGICO,ZERO CHIBA,GLOBAL KAWASAKI,B2B901,YOKOHAMA,,8600
LOGICO,ZERO CHIBA,AQUA LOGISTICS,B2B901,YOKOHAMA,,10800
LOGICO,ZERO CHIBA,GLOBAL NAGOYA,B2B901,NAGOYA,,24000
LOGICO,ZERO CHIBA,KLC,B2B901,SENBOKU (OSAKA),,32000
LOGICO,ZERO CHIBA,KOBE,B2B901,KOBE,,33200
LOGICO,ZERO CHIBA,GLOBAL HAKATA,B2B901,HAKATA,,49800
KLC,ZERO CHIBA,KLC,B2B901,SENBOKU (OSAKA),,29000
KLC,ZERO CHIBA,KOBE,B2B901,KOBE,,29000
KLC,ZERO CHIBA,FUJITRANS KINJO,B2B901,NAGOYA,,27000
KLC,ZERO CHIBA,GLOBAL NAGOYA,B2B901,NAGOYA,,27000
KLC,ZERO CHIBA,GLOBAL KAWASAKI,B2B901,YOKOHAMA,,10500
KLC,ZERO CHIBA,AQUA LOGISTICS,B2B901,YOKOHAMA,,11000
YAMAZAKI,ZERO CHIBA,GLOBAL KAWASAKI,B2B901,YOKOHAMA,,7000
KLC,ZERO CHUBU,KLC,B2B901,SENBOKU (OSAKA),,14000
KLC,ZERO CHUBU,KOBE,B2B901,KOBE,,14000
KLC,ZERO CHUBU,FUJITRANS KINJO,B2B901,NAGOYA,,10000
KLC,ZERO CHUBU,GLOBAL NAGOYA,B2B901,NAGOYA,,10000
KLC,ZERO CHUBU,GLOBAL KAWASAKI,B2B901,YOKOHAMA,,27000
KLC,ZERO CHUBU,AQUA LOGISTICS,B2B901,YOKOHAMA,,29000
KLC,ZERO CHUBU,GLOBAL HAKATA,B2B901,HAKATA,,35000
LOGICO,ZERO HAKATA,GLOBAL KAWASAKI,B2B901,YOKOHAMA,,48500
LOGICO,ZERO HAKATA,AQUA LOGISTICS,B2B901,YOKOHAMA,,49600
LOGICO,ZERO HAKATA,GLOBAL NAGOYA,B2B901,NAGOYA,,37000
LOGICO,ZERO HAKATA,KLC,B2B901,SENBOKU (OSAKA),,33000
LOGICO,ZERO HAKATA,KOBE,B2B901,KOBE,,33000
LOGICO,ZERO HAKATA,GLOBAL HAKATA,B2B901,HAKATA,,6200
KLC,ZERO HAKATA,KLC,B2B901,SENBOKU (OSAKA),,25000
KLC,ZERO HAKATA,KOBE,B2B901,KOBE,,25000
KLC,ZERO HAKATA,FUJITRANS KINJO,B2B901,NAGOYA,,33000
KLC,ZERO HAKATA,GLOBAL NAGOYA,B2B901,NAGOYA,,33000
KLC,ZERO HAKATA,GLOBAL KAWASAKI,B2B901,YOKOHAMA,,42000
KLC,ZERO HAKATA,AQUA LOGISTICS,B2B901,YOKOHAMA,,44000
KLC,ZERO HAKATA,GLOBAL HAKATA,B2B901,HAKATA,,7000
Y'S,ZERO HAKATA,GLOBAL HAKATA,B2B901,HAKATA,,3900
Y'S,ZERO HAKATA (HIGHROOF),GLOBAL HAKATA,B2B901,HAKATA,,7200
LOGICO,ZERO HIROSHIMA,GLOBAL KAWASAKI,B2B901,YOKOHAMA,,48600
LOGICO,ZERO HIROSHIMA,AQUA LOGISTICS,B2B901,YOKOHAMA,,49600
LOGICO,ZERO HIROSHIMA,GLOBAL NAGOYA,B2B901,NAGOYA,,34800
LOGICO,ZERO HIROSHIMA,KLC,B2B901,SENBOKU (OSAKA),,23000
LOGICO,ZERO HIROSHIMA,KOBE,B2B901,KOBE,,20400
LOGICO,ZERO HIROSHIMA,GLOBAL HAKATA,B2B901,HAKATA,,30600
LOGICO,ZERO HOKKAIDO,GLOBAL KAWASAKI,B2B901,YOKOHAMA,,36400
LOGICO,ZERO HOKKAIDO,AQUA LOGISTICS,B2B901,YOKOHAMA,,41800
LOGICO,ZERO HOKKAIDO,GLOBAL NAGOYA,B2B901,NAGOYA,,41400
LOGICO,ZERO HOKKAIDO,KLC,B2B901,SENBOKU (OSAKA),,44500
LOGICO,ZERO HOKKAIDO,KOBE,B2B901,KOBE,,46300
LOGICO,ZERO HOKKAIDO,GLOBAL HAKATA,B2B901,HAKATA,,82800
KLC,ZERO HOKKAIDO,KLC,B2B901,SENBOKU (OSAKA),,39000
KLC,ZERO HOKKAIDO,KOBE,B2B901,KOBE,,39000
KLC,ZERO HOKKAIDO,FUJITRANS KINJO,B2B901,NAGOYA,,34000
KLC,ZERO HOKKAIDO,GLOBAL NAGOYA,B2B901,NAGOYA,,34000
KLC,ZERO HOKKAIDO,GLOBAL KAWASAKI,B2B901,YOKOHAMA,,41000
KLC,ZERO HOKKAIDO,AQUA LOGISTICS,B2B901,YOKOHAMA,,44000
KLC,ZERO KAGOSHIMA,KLC,B2B901,SENBOKU (OSAKA),,34000
KLC,ZERO KAGOSHIMA,KOBE,B2B901,KOBE,,33000
KLC,ZERO KAGOSHIMA,FUJITRANS KINJO,B2B901,NAGOYA,,42000
KLC,ZERO KAGOSHIMA,GLOBAL NAGOYA,B2B901,NAGOYA,,42000
KLC,ZERO KAGOSHIMA,GLOBAL KAWASAKI,B2B901,YOKOHAMA,,61000
KLC,ZERO KAGOSHIMA,AQUA LOGISTICS,B2B901,YOKOHAMA,,63000
KLC,ZERO KAGOSHIMA,GLOBAL HAKATA,B2B901,HAKATA,,23000
KLC,ZERO MORIOKA,KLC,B2B901,SENBOKU (OSAKA),,37000
KLC,ZERO MORIOKA,KOBE,B2B901,KOBE,,37000
KLC,ZERO MORIOKA,FUJITRANS KINJO,B2B901,NAGOYA,,32000
KLC,ZERO MORIOKA,GLOBAL NAGOYA,B2B901,NAGOYA,,32000
KLC,ZERO MORIOKA,GLOBAL KAWASAKI,B2B901,YOKOHAMA,,33000
KLC,ZERO MORIOKA,AQUA LOGISTICS,B2B901,YOKOHAMA,,35000
LOGICO,ZERO NIIGATA,GLOBAL KAWASAKI,B2B901,YOKOHAMA,,22200
LOGICO,ZERO NIIGATA,AQUA LOGISTICS,B2B901,YOKOHAMA,,32200
LOGICO,ZERO NIIGATA,GLOBAL NAGOYA,B2B901,NAGOYA,,36000
LOGICO,ZERO NIIGATA,KLC,B2B901,SENBOKU (OSAKA),,51000
LOGICO,ZERO NIIGATA,KOBE,B2B901,KOBE,,51000
LOGICO,ZERO NIIGATA,GLOBAL HAKATA,B2B901,HAKATA,,68200
KLC,ZERO NIIGATA,KLC,B2B901,SENBOKU (OSAKA),,32000
KLC,ZERO NIIGATA,KOBE,B2B901,KOBE,,33000
KLC,ZERO NIIGATA,FUJITRANS KINJO,B2B901,NAGOYA,,28000
KLC,ZERO NIIGATA,GLOBAL NAGOYA,B2B901,NAGOYA,,28000
KLC,ZERO NIIGATA,GLOBAL KAWASAKI,B2B901,YOKOHAMA,,20000
KLC,ZERO NIIGATA,AQUA LOGISTICS,B2B901,YOKOHAMA,,26000
LOGICO,ZERO OSAKA,GLOBAL KAWASAKI,B2B901,YOKOHAMA,,33000
LOGICO,ZERO OSAKA,AQUA LOGISTICS,B2B901,YOKOHAMA,,33000
LOGICO,ZERO OSAKA,GLOBAL NAGOYA,B2B901,NAGOYA,,11600
LOGICO,ZERO OSAKA,KLC,B2B901,SENBOKU (OSAKA),,5500
LOGICO,ZERO OSAKA,KOBE,B2B901,KOBE,,6500
LOGICO,ZERO OSAKA,GLOBAL HAKATA,B2B901,HAKATA,,33000
KLC,ZERO OSAKA,KLC,B2B901,SENBOKU (OSAKA),,6000
KLC,ZERO OSAKA,KOBE,B2B901,KOBE,,6000
KLC,ZERO OSAKA,FUJITRANS KINJO,B2B901,NAGOYA,,11000
KLC,ZERO OSAKA,GLOBAL NAGOYA,B2B901,NAGOYA,,11000
KLC,ZERO OSAKA,GLOBAL KAWASAKI,B2B901,YOKOHAMA,,29000
KLC,ZERO OSAKA,AQUA LOGISTICS,B2B901,YOKOHAMA,,30000
KLC,ZERO OSAKA,GLOBAL HAKATA,B2B901,HAKATA,,26000
LOGICO,ZERO SENDAI,GLOBAL KAWASAKI,B2B901,YOKOHAMA,,19800
LOGICO,ZERO SENDAI,AQUA LOGISTICS,B2B901,YOKOHAMA,,26400
LOGICO,ZERO SENDAI,GLOBAL NAGOYA,B2B901,NAGOYA,,34000
LOGICO,ZERO SENDAI,KLC,B2B901,SENBOKU (OSAKA),,39000
LOGICO,ZERO SENDAI,KOBE,B2B901,KOBE,,40800
LOGICO,ZERO SENDAI,GLOBAL HAKATA,B2B901,HAKATA,,62900
KLC,ZERO SENDAI,KLC,B2B901,SENBOKU (OSAKA),,33000
KLC,ZERO SENDAI,KOBE,B2B901,KOBE,,33000
KLC,ZERO SENDAI,FUJITRANS KINJO,B2B901,NAGOYA,,28000
KLC,ZERO SENDAI,GLOBAL NAGOYA,B2B901,NAGOYA,,28000
KLC,ZERO SENDAI,GLOBAL KAWASAKI,B2B901,YOKOHAMA,,21000
KLC,ZERO SENDAI,AQUA LOGISTICS,B2B901,YOKOHAMA,,23000
LOGICO,ZERO SHOUNAN,GLOBAL KAWASAKI,B2B901,YOKOHAMA,,8900
LOGICO,ZERO SHOUNAN,AQUA LOGISTICS,B2B901,YOKOHAMA,,24200
LOGICO,ZERO SHOUNAN,GLOBAL NAGOYA,B2B901,NAGOYA,,28000
LOGICO,ZERO SHOUNAN,KLC,B2B901,SENBOKU (OSAKA),,34000
LOGICO,ZERO SHOUNAN,KOBE,B2B901,KOBE,,35200
LOGICO,ZERO SHOUNAN,GLOBAL HAKATA,B2B901,HAKATA,,50400
KLC,ZERO SHOUNAN,KLC,B2B901,SENBOKU (OSAKA),,30000
KLC,ZERO SHOUNAN,KOBE,B2B901,KOBE,,30000
KLC,ZERO SHOUNAN,FUJITRANS KINJO,B2B901,NAGOYA,,30000
KLC,ZERO SHOUNAN,GLOBAL NAGOYA,B2B901,NAGOYA,,30000
KLC,ZERO SHOUNAN,GLOBAL KAWASAKI,B2B901,YOKOHAMA,,14000
KLC,ZERO SHOUNAN,AQUA LOGISTICS,B2B901,YOKOHAMA,,22000
KLC,ZERO TOKUSHIMA,KLC,B2B901,SENBOKU (OSAKA),,20000
KLC,ZERO TOKUSHIMA,KOBE,B2B901,KOBE,,20000
KLC,ZERO TOKUSHIMA,FUJITRANS KINJO,B2B901,NAGOYA,,29000
KLC,ZERO TOKUSHIMA,GLOBAL NAGOYA,B2B901,NAGOYA,,29000
KLC,ZERO TOKUSHIMA,GLOBAL KAWASAKI,B2B901,YOKOHAMA,,42000
KLC,ZERO TOKUSHIMA,AQUA LOGISTICS,B2B901,YOKOHAMA,,43000
KLC,ZERO TOKUSHIMA,GLOBAL HAKATA,B2B901,HAKATA,,38000
LOGICO,ZIP OSAKA,GLOBAL KAWASAKI,32073,YOKOHAMA,,33000
LOGICO,ZIP OSAKA,AQUA LOGISTICS,32073,YOKOHAMA,,33000
LOGICO,ZIP OSAKA,GLOBAL NAGOYA,32073,NAGOYA,,11600
LOGICO,ZIP OSAKA,KLC,32073,SENBOKU (OSAKA),,6500
LOGICO,ZIP OSAKA,KOBE,32073,KOBE,,5500
LOGICO,ZIP OSAKA,GLOBAL HAKATA,32073,HAKATA,,33000
STYLISH,ZIP OSAKA,GLOBAL NAGOYA,32073,NAGOYA,,13000
STYLISH,ZIP OSAKA,KLC,32073,SENBOKU (OSAKA),,6500
STYLISH,ZIP OSAKA,KOBE,32073,KOBE,,4000
KLC,ZIP OSAKA,KLC,32073,SENBOKU (OSAKA),,6000
KLC,ZIP OSAKA,KOBE,32073,KOBE,,4500
KLC,ZIP OSAKA,FUJITRANS KINJO,32073,NAGOYA,,11000
KLC,ZIP OSAKA,GLOBAL NAGOYA,32073,NAGOYA,,11000
KLC,ZIP OSAKA,GLOBAL KAWASAKI,32073,YOKOHAMA,,29000
KLC,ZIP OSAKA,AQUA LOGISTICS,32073,YOKOHAMA,,30000
KLC,ZIP OSAKA,GLOBAL HAKATA,32073,HAKATA,,26000
LOGICO,ZIP TOKYO,GLOBAL KAWASAKI,32073,YOKOHAMA,,7800
LOGICO,ZIP TOKYO,AQUA LOGISTICS,32073,YOKOHAMA,,10100
KLC,ZIP TOKYO,KLC,32073,SENBOKU (OSAKA),,28000
KLC,ZIP TOKYO,KOBE,32073,KOBE,,28000
KLC,ZIP TOKYO,FUJITRANS KINJO,32073,NAGOYA,,25000
KLC,ZIP TOKYO,GLOBAL NAGOYA,32073,NAGOYA,,25000
KLC,ZIP TOKYO,GLOBAL KAWASAKI,32073,YOKOHAMA,,5000
KLC,ZIP TOKYO,AQUA LOGISTICS,32073,YOKOHAMA,,10000
YAMAZAKI,ZIP TOKYO,GLOBAL KAWASAKI,32073,YOKOHAMA,,4000
